{"entities":[{"entity":"sys-date","fuzzy_match":true,"values":[]},{"entity":"direct_report","description":"direct_report","fuzzy_match":false,"values":[{"value":"direct report"},{"value":"direct reports"},{"value":"team member"},{"value":"team"},{"value":"directreport"}]},{"entity":"sys-percentage","fuzzy_match":true,"values":[]},{"entity":"pronoun","description":"pronoun","fuzzy_match":false,"values":[{"value":"FirstPersonPronoun","synonyms":["mine","my","our","ours"],"type":"synonyms"},{"value":"SecondPersonPronoun","synonyms":["your","yours"],"type":"synonyms"},{"value":"ThirdPersonPronoun","synonyms":["her","hers","his","their","theirs"],"type":"synonyms"}]},{"entity":"person","description":"person","values":[{"value":"Randy"},{"value":"Alex"},{"value":"Sara Gallo"},{"value":"Janet"},{"value":"Leo"},{"value":"Lona Carey"},{"value":"Jerome"},{"value":"Edmond"},{"value":"Omer"},{"value":"jan lagarden"},{"value":"Peter Stock"},{"value":"Frankie Mcclure"},{"value":"Bob smith"},{"value":"Dan"},{"value":"kim banks"},{"value":"Raj Patel"},{"value":"Wang Sky"},{"value":"Anaisha"},{"value":"john smith"},{"value":"Bob"},{"value":"Abbigail Holland"},{"value":"Adrienne Strickland"},{"value":"Aidyn Hardy"},{"value":"Alexander Pugh"},{"value":"Joselyn Blair"},{"value":"Keyon Oconnor"},{"value":"Shaun Stafford"},{"value":"Tate Krause"},{"value":"Yadira Singh"},{"value":"Mike"}]},{"entity":"sys-currency","fuzzy_match":true,"values":[]},{"entity":"sys-number","fuzzy_match":true,"values":[]},{"entity":"effective_date","description":"effective_date","fuzzy_match":false,"values":[{"value":"effectiveDate","patterns":["(Jan(uary)?|Feb(ruary)?|Mar(ch)?|Apr(il)?|May|Jun(e)?|Jul(y)?|Aug(ust)?|Sep(tember)?|Oct(ober)?|Nov(ember)?|Dec(ember)?)\\s+\\d{1,2},\\s+\\d{4}"],"type":"patterns"}]},{"entity":"location","description":"location","values":[{"value":"Perth"},{"value":"Toronto"},{"value":"Beijing"},{"value":"Los Angeles"},{"value":"Melbourne"},{"value":"London"},{"value":"Sydney"},{"value":"San Francisco"},{"value":"Shanghai"},{"value":"Ottawa"},{"value":"Manchester"},{"value":"New York"},{"value":"Seattle"},{"value":"Paris"},{"value":"Washington"},{"value":"New Zealand"},{"value":"Dublin"},{"value":"Tokyo"},{"value":"Auckland"},{"value":"Adelaide"},{"value":"Chicago"},{"value":"Walldorf"},{"value":"Boston"},{"value":"Bangalore"}]},{"entity":"sys-time","fuzzy_match":true,"values":[]},{"entity":"employee_field","description":"employee_field","fuzzy_match":true,"values":[{"value":"hr contact","synonyms":["hr admin"],"type":"synonyms"},{"value":"cost center"},{"value":"business title"},{"value":"chosen name","synonyms":["preferred name","name"],"type":"synonyms"},{"value":"pronoun","synonyms":["pronouns"],"type":"synonyms"}]},{"entity":"job_title","description":"job_title","fuzzy_match":true,"values":[{"value":"Sales Specialist"},{"value":"Marketing Specialist"},{"value":"Marketing Manager"},{"value":"Marketing Director"},{"value":"Graphic Designer"},{"value":"Marketing Research Analyst"},{"value":"Marketing Communications Manager"},{"value":"Marketing Consultant"},{"value":"Product Manager"},{"value":"Public Relations"},{"value":"Social Media Assistant"},{"value":"Brand Manager"},{"value":"SEO Manager"},{"value":"Content Marketing Manager"},{"value":"Copywriter"},{"value":"Media Buyer"},{"value":"Digital Marketing Manager"},{"value":"eCommerce Marketing Specialist"},{"value":"Brand Strategist"},{"value":"Vice President of Marketing"},{"value":"Media Relations Coordinator"},{"value":"Computer Scientist"},{"value":"IT Professional"},{"value":"UX Designer","synonyms":["UI Developer"],"type":"synonyms"},{"value":"SQL Developer"},{"value":"Web Designer"},{"value":"Web Developer"},{"value":"Help Desk Worker","synonyms":["Desktop Support"],"type":"synonyms"},{"value":"Software Engineer"},{"value":"Data Entry"},{"value":"DevOps Engineer"},{"value":"Computer Programmer"},{"value":"Network Administrator"},{"value":"Information Security Analyst"},{"value":"Artificial Intelligence Engineer"},{"value":"Cloud Architect"},{"value":"IT Manager"},{"value":"Technical Specialist"},{"value":"Application Developer"},{"value":"Chief Technology Officer","synonyms":["CTO"],"type":"synonyms"},{"value":"Chief Information Officer","synonyms":["CIO"],"type":"synonyms"}]}]}