{"intents":[{"intent":"ec_view_birthday","description":"ec_view_birthday","examples":[{"text":"birthday"},{"text":"Can you show my b'day?"},{"text":"Display my direct report Jen's bday."},{"text":"How can I take a look at direct report Leo's natal day?"},{"text":"How to look up the birthday of my direct report?"},{"text":"I wanna get direct report's birthday."},{"text":"I want to find my direct report Leo's birthday."},{"text":"Let me see date of birth."},{"text":"my direct Leo's birthday"},{"text":"my direct report Leo's birthday"},{"text":"my direct report's birthday"},{"text":"Trying to get direct report Jen's birthday."},{"text":"What's my direct Jeremy's birthday?"},{"text":"When's Jen's birthday?"},{"text":"Would like to know my birthday."}]},{"intent":"ec_view_cost_center","description":"ec_view_cost_center","examples":[{"text":"Direct or navigate me to the cost center."},{"text":"Display the information of my cost center."},{"text":"Help me check and see my cost hub."},{"text":"her cost center"},{"text":"her cost center number"},{"text":"Let me view his cost center centre or hub info"},{"text":"open and see my cost center or cost centre"},{"text":"Please find my cost centre info."},{"text":"show my cost central"},{"text":"Tell me my cost center to see and view it."},{"text":"their cost center number"},{"text":"what are the cost of a background verification"},{"text":"what's my cost center number?"},{"text":"what's my cost center's budget for new hires?"},{"text":"where can I find my cost center information?"},{"text":"which cost center am i assigned to?"},{"text":"Which cost center I'm in?"},{"text":"Which cost hub or centre am I allocated to?"},{"text":"Would like to review his cost hub central information."}]},{"intent":"reset_value","description":null,"examples":[{"text":"I want to reset value"},{"text":"reset value"},{"text":"reset_value"},{"text":"no selection"},{"text":"no_selection"},{"text":"set the value to null"},{"text":"update to default value"},{"text":"Please reset the current selection"},{"text":"I want to reset the current string value"},{"text":"Please clear the value."},{"text":"Can you reset the current value?"},{"text":"Reset the current selection to the default option"},{"text":"I need to reset the current date to the system's default."},{"text":"Reset the current selection to null."},{"text":"Reset the current value to its original state"},{"text":"Please reset the current value to its default setting?"},{"text":"reset chosen name"},{"text":"clear chosen name"},{"text":"reset my chosen name"},{"text":"reset preferred name"},{"text":"reset my preferred name"},{"text":"reset pronoun"},{"text":"clear pronoun"},{"text":"reset my pronoun"}]},{"intent":"ecp_view_pay","description":"ecp_view_pay","examples":[{"text":"Can I see my last paycheck?"},{"text":"Can you help me with finding the payslip?"},{"text":"give me the payslip link"},{"text":"How can I access my last payslip?"},{"text":"I am looking for the payslip"},{"text":"if i withdraw from the sap shares when will the money be credited to my bank account?"},{"text":"i want to see paystubs"},{"text":"I would like my payslip?"},{"text":"let me check my paycheck"},{"text":"open my team's payrol"},{"text":"paycheck review"},{"text":"please pull up my pay stub"},{"text":"Show me my payroll for February"},{"text":"Show my last Paystub"},{"text":"what is the date of the payday ?"},{"text":"Whats on my payrol"},{"text":"when will my pay check arrive ?"},{"text":"Where can I find my January 2019 payslip?"},{"text":"where I can find my payslip?"},{"text":"Where might I find the data for my pay stub?"}]},{"intent":"no","description":null,"examples":[{"text":"na"},{"text":"Actually no"},{"text":"do not"},{"text":"Don't"},{"text":"I did wrong"},{"text":"I dont want"},{"text":"incorrect"},{"text":"never mind"},{"text":"No"},{"text":"no thanks"},{"text":"Nope"},{"text":"please don't"},{"text":"that's not what i meant"},{"text":"false"}]},{"intent":"ec_view_job_code","description":"ec_view_job_code","examples":[{"text":"Display Jen's job code."},{"text":"Do you know my direct report's job code Id?"},{"text":"Do you know my job data?"},{"text":"How can I take a look at my direct Leo's job code id?"},{"text":"How do I view Jen's job code name?"},{"text":"I would like to get Leo's job data."},{"text":"job code"},{"text":"my direct report's job code"},{"text":"My job code"},{"text":"my job data"},{"text":"Show me my job data."},{"text":"Tell me the job data of my own."},{"text":"View my job data"},{"text":"What is Jen's job code?"},{"text":"What's my job classification?"}]},{"intent":"ec_update_name","description":null,"examples":[{"text":"change chosen name"},{"text":"maintain chosen name"},{"text":"update chosen name"},{"text":"I want to change my name"},{"text":"I want to update my chosen name"},{"text":"I want to maintain my chosen name"},{"text":"I prefer to be called Randy.","mentions":[{"entity":"person","location":[22,27]}]},{"text":"Help me reset name."}]},{"intent":"greeting","description":null,"examples":[{"text":"hi"},{"text":"hello"}]},{"intent":"pick_a_date","description":null,"examples":[{"text":"pick a date"}]},{"intent":"ec_test_snack","description":null,"examples":[{"text":"test snackec"},{"text":"I want to test snackec api"},{"text":"I want to run a test on snackec"}]},{"intent":"ec_view_timezone","description":"ec_view_timezone","examples":[{"text":"Can I have a look at my direct's local time?"},{"text":"Display Jen's local time."},{"text":"Help me know about Jen's local time zone."},{"text":"I'd like to view timezone."},{"text":"Let me see my time zone."},{"text":"my direct report's time zone"},{"text":"My time zone"},{"text":"Show me timezone."},{"text":"Show my time zone."},{"text":"time zone"},{"text":"Try to know the time zone of direct report Leo."},{"text":"View timezone"},{"text":"What time is it in Leo's country?"},{"text":"What timezone is Jen in?"},{"text":"Which timezone does my direct report Leo live in?"}]},{"intent":"skip","description":null,"examples":[{"text":"ignore"},{"text":"ignore this field"},{"text":"skip this field"},{"text":"skip"},{"text":"go forward"},{"text":"move to next"},{"text":"move to next field"},{"text":"bypass"}]},{"intent":"ec_view_hr_admin","description":null,"examples":[{"text":"view HR Admin"},{"text":"show HR Admin"},{"text":"show my HR admin"},{"text":"What is my HR admin"},{"text":"view Alex's HR Admin","mentions":[{"entity":"person","location":[5,9]}]},{"text":"view Sara Gallo's HR Admin","mentions":[{"entity":"person","location":[5,15]}]},{"text":"I want to view HR Admin of Janet","mentions":[{"entity":"person","location":[27,32]}]},{"text":"show HR contact"},{"text":"view HR contact"},{"text":"I want to view my HR contact."},{"text":"show Leo's HR contact.","mentions":[{"entity":"person","location":[5,8]}]},{"text":"view my direct report Leo's HR contact."}]},{"intent":"ec_view_division","description":"ec_view_division","examples":[{"text":"Can I have a look at my business division?"},{"text":"Can I know about my business division?"},{"text":"Can I take a look at my division?"},{"text":"Can you double check my business division?"},{"text":"division"},{"text":"Can you show my business sector?"},{"text":"Could you display my division?"},{"text":"Could you give me my division info?"},{"text":"Help me check my business division"},{"text":"How can I find my division of business?"},{"text":"I'd like to look over my division"},{"text":"I need to check my business sector"},{"text":"I want to access my division"},{"text":"Need to see my division info"},{"text":"Need to view my business segment"},{"text":"Please help me find my division"},{"text":"Please let me view my business division"},{"text":"Show my division"},{"text":"Where can I view my division?"},{"text":"Would like to view my business division"}]},{"intent":"ec_view_manager","description":"ec_view_manager","examples":[{"text":"Can I look for the welcome message that my line manager set for me?"},{"text":"Can you check and display the business address or office work site location?"},{"text":"Can you tell me who's my manager"},{"text":"Do you know who is the manager of Lona Carey","mentions":[{"entity":"person","location":[34,44]}]},{"text":"get me the list of offers waiting for my line manager sign off"},{"text":"her manager"},{"text":"i'd like to know the name of the manager of my manager"},{"text":"Is Jerome my line manager","mentions":[{"entity":"person","location":[3,9]}]},{"text":"I want to browse messages from my line manager"},{"text":"I want to know my boss?"},{"text":"i want to know who is reporting to Edmond?","mentions":[{"entity":"person","location":[35,41]}]},{"text":"I wish to learn about our team leader"},{"text":"Seek a discussion with line manager"},{"text":"show me who reports to Omer?","mentions":[{"entity":"person","location":[23,27]}]},{"text":"tell me to who Edward is reporting to?"},{"text":"View my check in scheduled with my manager"},{"text":"what is the name of my mgr"},{"text":"Who does jan lagarden report to?","mentions":[{"entity":"person","location":[9,21]}]},{"text":"who do i report to?"},{"text":"who is reporting to me"},{"text":"Would like to find her direct supervisor."}]},{"intent":"ec_view_phone","description":"ec_view_phone","examples":[{"text":"Could you display my office mobile number?"},{"text":"Direct me to my corporate phone number info."},{"text":"display my business phone"},{"text":"give me the phone number of the marketing manager"},{"text":"Go to my business phone number section in my profile."},{"text":"How can I access my business cell phone number?"},{"text":"How to view and see his or her business contact telephone number or mobile cell office directory number?"},{"text":"I'd like to take a look at my business mobile number."},{"text":"I wish to see the information about my business contact phone number."},{"text":"I would like to check her personal business phone number."},{"text":"my phone number"},{"text":"show her office phone number"},{"text":"view the company phone number of hers"},{"text":"view the company phone number of mine"},{"text":"What is his office directory corp phone number?"},{"text":"what is the corp or corporate phone number?"},{"text":"What is the my working phone number?"},{"text":"What is the work or corporate business phone number?"},{"text":"whats my mobile number updated in the records"},{"text":"What's the local Admin phone number?"}]},{"intent":"cpm_request_feedback","description":null,"examples":[{"text":"request feeback"},{"text":"request feedback from Janet","mentions":[{"entity":"person","location":[22,27]}]}]},{"intent":"ec_update_prononuns","description":null,"examples":[{"text":"change pronoun"},{"text":"update pronoun"},{"text":"update my pronouns"},{"text":"I want to change my pronoun."},{"text":"Help me make personal pronouns \"he\" and \"him\"."},{"text":"Can you replace my current pronouns with He and Him?"},{"text":"Change my pronoun from they to she."}]},{"intent":"ec_view_department","description":"ec_view_department","examples":[{"text":"Can I have a look at my business branch?"},{"text":"Can I know about my business department?"},{"text":"Could you give her dept department info?"},{"text":"department"},{"text":"How can I find my department of business?"},{"text":"How do I find his or her department info?"},{"text":"How to find the name of the department?"},{"text":"I'd like to look over their department or business branch"},{"text":"Need to view the dept branch"},{"text":"Please find the dept of business"},{"text":"Show me the department"},{"text":"Show my board area or business department"},{"text":"Tell me what department he or she is in"},{"text":"Under which LOB dept I am working?"},{"text":"View and see my organisational business dept details"},{"text":"What board area or business dept am i in?"},{"text":"What department am I working in? Could you display the dept?"},{"text":"Where can I access and view the department or dept?"},{"text":"Would like to view and check his or her business department"}]},{"intent":"yes","description":"Yes","examples":[{"text":"yes"},{"text":"go for it"},{"text":"yeah"},{"text":"Yup"},{"text":"Okay"},{"text":"agreed"},{"text":"all right"},{"text":"correct"},{"text":"For sure"},{"text":"of course"}]},{"intent":"ec_view_location","description":"ec_view_location","examples":[{"text":"location"},{"text":"Give me the location please"},{"text":"How can I check their work site?"},{"text":"how can I get the direction to go to office"},{"text":"How can I go to the WDF office"},{"text":"I want to access her corporate location"},{"text":"I want to access my business address"},{"text":"Need to view his office site or work location address"},{"text":"Please find his or her office location"},{"text":"Please find the place they work in"},{"text":"Please help me find their corporate work address"},{"text":"Show me the way to the office in town"},{"text":"Where is he located?"},{"text":"where is my colleague Peter Stock located","mentions":[{"entity":"person","location":[22,33]}]},{"text":"which commute route can i go to for work"},{"text":"which location does she work in?"},{"text":"Which location do i work in? Show me my office address"},{"text":"which way to go to work as a newbie?"},{"text":"Would like to show my office address"}]},{"intent":"edit_done","description":null,"examples":[{"text":"done"},{"text":"no further change"},{"text":"done, no further change"},{"text":"done, I want to submit now"},{"text":"all changes are completed"},{"text":"Done with what I was working on!"},{"text":"Finally, it's done."},{"text":"I'm all finished here."},{"text":"Task complete!"},{"text":"That's everything taken care of."},{"text":"All done for now, thanks!"},{"text":"I just finished up."},{"text":"Done and dusted!"},{"text":"That's the last thing on my list."},{"text":"Okay, I think I'm done with that now."}]},{"intent":"ec_view_email","description":"ec_view_email","examples":[{"text":"Can you help me access my corp email info?"},{"text":"Could you show me his or her business email?"},{"text":"Direct or navigate me to my corporate email info."},{"text":"Go to my business E-Mail address section in the system."},{"text":"have a look at their business emails."},{"text":"How can I know about the business email?"},{"text":"How to display and view a corporate email address?"},{"text":"I want to have a look at my own business or corporate e-mail."},{"text":"I want to see and have the email of"},{"text":"I would like to check and confirm the business email."},{"text":"Need to look over the business email."},{"text":"Please find my corporate mail for me."},{"text":"Please find the company email"},{"text":"Please show me the corp or corporate email."},{"text":"sap e-mail for c-user"},{"text":"show business email address"},{"text":"view business email"},{"text":"Want to see or view the enterprise business email."},{"text":"What is the business email?"},{"text":"what is the email address of an employee?"},{"text":"email"}]},{"intent":"ec_view_display_name","description":"ec_view_display_name","examples":[{"text":"chosen name"},{"text":"Display Jen's preferred name."},{"text":"Do you know my direct report's name of use?"},{"text":"Help me know about Jen's chosen first name."},{"text":"How can I take a look at direct report Leo's name in use?"},{"text":"I need to look at direct report Leo's name-in-use."},{"text":"Jen's chosen name"},{"text":"Let me know Jen's chosen name."},{"text":"My chosen name"},{"text":"my direct report Leo's chosen name"},{"text":"my direct report's chosen name"},{"text":"my direct's chosen name"},{"text":"Please find direct report Leo's first name-in-use."},{"text":"Show me preferred name."},{"text":"Would like to know my chosen name."}]},{"intent":"exit","description":"exit","examples":[{"text":"Cancel"},{"text":"Cancel this"},{"text":"Stop"},{"text":"I want to cancel"},{"text":"I want to stop"},{"text":"Please cancel the process"},{"text":"Please cancel"},{"text":"Stop it!"}]},{"intent":"ec_view_hiredate","description":"ec_view_hiredate","examples":[{"text":"Can I get my work start date?"},{"text":"Can I know about my original employment date?"},{"text":"Can you show my first date of the job?"},{"text":"hire date"},{"text":"how long have I been working here"},{"text":"what was Perce's starting day?"},{"text":"I'd like to look over my date of original employment"},{"text":"I need to check my original date of employment"},{"text":"I want to view my hire date."},{"text":"Let me check my date initially hired"},{"text":"when did I join the company"},{"text":"need to double check my first date employed"},{"text":"need to get my original date of hire"},{"text":"need to see when I started"},{"text":"Trying to access my initial date of hire"},{"text":"when did Cindy start?"},{"text":"what was my start date"},{"text":"When was my date of initial hire"},{"text":"Where can I view my date first hired?"},{"text":"would like to look up my first date worked"}]},{"intent":"ec_view_direct_report","description":"ec_view_direct_report","examples":[{"text":"Can I browse the names of employees who report to my manager"},{"text":"can you tell me which members are reporting to me?"},{"text":"give list of last name of my reportees"},{"text":"How many co-workers report to our CEO"},{"text":"how many people are reporting to the CEO?"},{"text":"How many people report to me?"},{"text":"How many team members report to Omer","mentions":[{"entity":"person","location":[32,36]}]},{"text":"i'd like to know the people who are reporting to our CEO"},{"text":"I wish to know team members reporting to Frankie Mcclure","mentions":[{"entity":"person","location":[41,56]}]},{"text":"see my subordinates"},{"text":"Show me all direct reports of my line manager"},{"text":"direct reports"},{"text":"show my reportees list"},{"text":"Want to see my direct reportee"},{"text":"what are pending with my reportees to complete"},{"text":"what is the employee type of my reportees"}]},{"intent":"person","description":null,"examples":[{"text":"Bob smith","mentions":[{"entity":"person","location":[0,9]}]},{"text":"Dan","mentions":[{"entity":"person","location":[0,3]}]},{"text":"Janet","mentions":[{"entity":"person","location":[0,5]}]},{"text":"kim banks","mentions":[{"entity":"person","location":[0,9]}]},{"text":"Raj Patel","mentions":[{"entity":"person","location":[0,9]}]},{"text":"full name is Wang Sky","mentions":[{"entity":"person","location":[13,21]}]},{"text":"my name is Anaisha","mentions":[{"entity":"person","location":[11,18]}]},{"text":"Name is john smith","mentions":[{"entity":"person","location":[8,18]}]},{"text":"people call me Bob","mentions":[{"entity":"person","location":[15,18]}]},{"text":"Abbigail Holland","mentions":[{"entity":"person","location":[0,16]}]},{"text":"Adrienne Strickland","mentions":[{"entity":"person","location":[0,19]}]},{"text":"Aidyn Hardy","mentions":[{"entity":"person","location":[0,11]}]},{"text":"Alexander Pugh","mentions":[{"entity":"person","location":[0,14]}]},{"text":"Joselyn Blair","mentions":[{"entity":"person","location":[0,13]}]},{"text":"Keyon Oconnor","mentions":[{"entity":"person","location":[0,13]}]},{"text":"Shaun Stafford","mentions":[{"entity":"person","location":[0,14]}]},{"text":"Tate Krause","mentions":[{"entity":"person","location":[0,11]}]},{"text":"Yadira Singh","mentions":[{"entity":"person","location":[0,12]}]}]},{"intent":"update_location","description":null,"examples":[{"text":"Perth is the location for this head count","mentions":[{"entity":"location","location":[0,5]}]},{"text":"Can I alter the office address for this head count into Toronto?","mentions":[{"entity":"location","location":[56,63]}]},{"text":"Can you change the value of Location to Beijing?","mentions":[{"entity":"location","location":[40,47]}]},{"text":"Help me replace the current businees location with Los Angeles.","mentions":[{"entity":"location","location":[51,62]}]},{"text":"I like to replace the current company adderss with Melbourne.","mentions":[{"entity":"location","location":[51,60]}]},{"text":"I need support for modifying the work site to London.","mentions":[{"entity":"location","location":[46,52]}]},{"text":"I need support to change the office address to Sydney.","mentions":[{"entity":"location","location":[47,53]}]},{"text":"I need to change Location to San Francisco.","mentions":[{"entity":"location","location":[29,42]}]},{"text":"I want to update the location information into Shanghai.","mentions":[{"entity":"location","location":[47,55]}]},{"text":"I wish to change the location info into Ottawa.","mentions":[{"entity":"location","location":[40,46]}]},{"text":"I would like to update the office location into Manchester for this head count.","mentions":[{"entity":"location","location":[48,58]}]},{"text":"I'd like to adjust the office location to New York.","mentions":[{"entity":"location","location":[42,50]}]},{"text":"I'll need to edit the current corporate address to Seattle.","mentions":[{"entity":"location","location":[51,58]}]},{"text":"I'm thinking to readjust the company location into Paris.","mentions":[{"entity":"location","location":[51,56]}]},{"text":"Let me revise the business address into Washington.","mentions":[{"entity":"location","location":[40,50]}]},{"text":"location is New Zealand","mentions":[{"entity":"location","location":[12,23]}]},{"text":"Please change the location for this head count into Dublin.","mentions":[{"entity":"location","location":[52,58]}]},{"text":"Please let me edit this office site to Tokyo.","mentions":[{"entity":"location","location":[39,44]}]},{"text":"reset Location to Auckland","mentions":[{"entity":"location","location":[18,26]}]},{"text":"the location of this head count is Adelaide","mentions":[{"entity":"location","location":[35,43]}]},{"text":"Time to update the existing corporate location to Chicago.","mentions":[{"entity":"location","location":[50,57]}]},{"text":"Trying to correct the work address into Walldorf.","mentions":[{"entity":"location","location":[40,48]}]},{"text":"Want to change the location value to Boston.","mentions":[{"entity":"location","location":[37,43]}]},{"text":"Would like to revise the work location here to Bangalore.","mentions":[{"entity":"location","location":[47,56]}]}]},{"intent":"ec_view_peers","description":"ec_view_peers","examples":[{"text":"Can I have a look at my direct Leo's peer colleagues?"},{"text":"Do I have 7 peers?"},{"text":"Help me know about Jen's co-workers."},{"text":"How can I take a look at direct report Leo's peer colleagues?"},{"text":"How do I view Jen's compeers?"},{"text":"I'd like to view peers."},{"text":"I need check coworkers."},{"text":"I need to look at direct report Leo's coworkers."},{"text":"Let me know Jen's peers."},{"text":"my direct Leo's peers"},{"text":"my direct report Leo's peers"},{"text":"peers"},{"text":"Show me peer colleagues."},{"text":"Who are my coworker?"},{"text":"Would like to know my peers."}]},{"intent":"ec_view_job_title","description":"ec_view_job_title","examples":[{"text":"Can you help me take a look at his job position title information?"},{"text":"How do i find my designation in SAP"},{"text":"How to know his formal job title"},{"text":"I'd like to double check and view his or her designation."},{"text":"I need to see the information of his official title."},{"text":"job title"},{"text":"Let me go through my professional title."},{"text":"Need to have a look at and view his job title."},{"text":"Need to view my position title"},{"text":"Leo's position title."},{"text":"Please help me display the professional title of his."},{"text":"Please show me his official title."},{"text":"Show and review the job title of his."},{"text":"Tell me her formal title."},{"text":"Tell me my formal job title."},{"text":"business title"},{"text":"what is my official title"},{"text":"Would like to confirm his job name."}]},{"intent":"cpm_give_feedback","description":null,"examples":[{"text":"Create feeback"},{"text":"give feedback"},{"text":"deliver feedback"},{"text":"I want to give feedback to Janet","mentions":[{"entity":"person","location":[27,32]}]},{"text":"Create feeback to Mike","mentions":[{"entity":"person","location":[18,22]}]},{"text":"I want to give feedback."},{"text":"I want to give feedback to Leo."},{"text":"give feedback to team member"},{"text":"I want to answer the question about \"What could I improve on?\""},{"text":"I want to give feedback about \"What could I improve on?\""}]}]}