ORDERID,LINENUMBER,SUBLINENUMBER,EVENTTYPEID,COLUMN_NAME,ORACLE,HANA
DELClosed-406603448A-92983836128756,20240726,1,DEL Closed,PONUMBER,13800184898,21345.0
DELClosed-406603448A-92983836128756,20240726,1,DEL Closed,GENERICATTRIBUTE7,Main Plan Cease in 30 days,
DELClosed-406882635A-862158216265848,20240726,1,DEL Closed,PONUMBER,13800185521,21360.0
DELClosed-406882635A-862158216265848,20240726,1,DEL Closed,GENERICATTRIBUTE7,Main Plan Cease in 30 days,
DELClosed-406882635A-886094216468722,20240726,1,DEL Closed,PONUMBER,13800185521,21360.0
DELClosed-406882635A-886094216468722,20240726,1,DEL Closed,GENERICATTRIBUTE7,Main Plan Cease in 30 days,
DELClosed-404242184A-92983833099557126,20240726,1,DEL Closed,PONUMBER,13800185097,21347.0
DELClosed-404242184A-92983833099557126,20240726,1,DEL Closed,GENERICATTRIBUTE7,DEL VAS New,
DELClosed-405609110A-929844371797987,20240726,1,DEL Closed,PONUMBER,13800185223,21357.0
DELClosed-405609110A-929844371797987,20240726,1,DEL Closed,GENERICATTRIBUTE7,Main Plan Cease in 30 days,
DELClosed-405588771A-890408216421086,20240726,1,DEL Closed,PONUMBER,13800184465,21338.0
DELClosed-405588771A-890408216421086,20240726,1,DEL Closed,GENERICATTRIBUTE7,Main Plan Cease in 30 days,
DELClosed-406290733A-885897296996543,20240726,1,DEL Closed,PONUMBER,13800185118,21354.0
DELClosed-406290733A-885897296996543,20240726,1,DEL Closed,GENERICATTRIBUTE7,Main Plan Cease in 30 days,
DELClosed-406290733A-929843396996547,20240726,1,DEL Closed,PONUMBER,13800185118,21354.0
DELClosed-406290733A-929843396996547,20240726,1,DEL Closed,GENERICATTRIBUTE7,Main Plan Cease in 30 days,
DELClosed-405609110A-868259264193956,20240726,1,DEL Closed,PONUMBER,13800185223,21357.0
DELClosed-405609110A-868259264193956,20240726,1,DEL Closed,GENERICATTRIBUTE7,Main Plan Cease in 30 days,
DELClosed-406288790A-862158260661239,20240726,1,DEL Closed,PONUMBER,13800184843,21344.0
DELClosed-406288790A-862158260661239,20240726,1,DEL Closed,GENERICATTRIBUTE7,Main Plan Cease in 30 days,
DELClosed-405588771A-900553214566301,20240726,1,DEL Closed,PONUMBER,13800184465,21338.0
DELClosed-405588771A-900553214566301,20240726,1,DEL Closed,GENERICATTRIBUTE7,Main Plan Cease in 30 days,
DELClosed-405609110A-931931366976104,20240726,1,DEL Closed,PONUMBER,13800185223,21357.0
DELClosed-405609110A-931931366976104,20240726,1,DEL Closed,GENERICATTRIBUTE7,Main Plan Cease in 30 days,
DELClosed-406288790A-929842366337116,20240726,1,DEL Closed,PONUMBER,13800184843,21344.0
DELClosed-406288790A-929842366337116,20240726,1,DEL Closed,GENERICATTRIBUTE7,Main Plan Cease in 30 days,
DELClosed-406290733A-929842396996551,20240726,1,DEL Closed,PONUMBER,13800185118,21354.0
DELClosed-406290733A-929842396996551,20240726,1,DEL Closed,GENERICATTRIBUTE7,Main Plan Cease in 30 days,
DELClosed-405609110A-900553269692111,20240726,1,DEL Closed,PONUMBER,13800185223,21357.0
DELClosed-405609110A-900553269692111,20240726,1,DEL Closed,GENERICATTRIBUTE7,Main Plan Cease in 30 days,
DELClosed-405588771A-921108213776725,20240726,1,DEL Closed,PONUMBER,13800184465,21338.0
DELClosed-405588771A-921108213776725,20240726,1,DEL Closed,GENERICATTRIBUTE7,Main Plan Cease in 30 days,
DELClosed-405609110A-868280270287529,20240726,1,DEL Closed,PONUMBER,13800185223,21357.0
DELClosed-405609110A-868280270287529,20240726,1,DEL Closed,GENERICATTRIBUTE7,Main Plan Cease in 30 days,
DELClosed-406288790A-879763260986971,20240726,1,DEL Closed,PONUMBER,13800184843,21344.0
DELClosed-406288790A-879763260986971,20240726,1,DEL Closed,GENERICATTRIBUTE7,Main Plan Cease in 30 days,
DELClosed-406288790A-868220261743743,20240726,1,DEL Closed,PONUMBER,13800184843,21344.0
DELClosed-406288790A-868220261743743,20240726,1,DEL Closed,GENERICATTRIBUTE7,Main Plan Cease in 30 days,
DELClosed-406288790A-929844363949671,20240726,1,DEL Closed,PONUMBER,13800184843,21344.0
DELClosed-406288790A-929844363949671,20240726,1,DEL Closed,GENERICATTRIBUTE7,Main Plan Cease in 30 days,
DELClosed-406290733A-880503296996540,20240726,1,DEL Closed,PONUMBER,13800185118,21354.0
DELClosed-406290733A-880503296996540,20240726,1,DEL Closed,GENERICATTRIBUTE7,Main Plan Cease in 30 days,
DELClosed-406290733A-929838396996552,20240726,1,DEL Closed,PONUMBER,13800185118,21354.0
DELClosed-406290733A-929838396996552,20240726,1,DEL Closed,GENERICATTRIBUTE7,Main Plan Cease in 30 days,
DELClosed-405207613A-868488261857481,20240726,1,DEL Closed,PONUMBER,13800183900,21331.0
DELClosed-405207613A-868488261857481,20240726,1,DEL Closed,GENERICATTRIBUTE7,Main Plan Cease in 30 days,
DELClosed-405207613A-868177262042229,20240726,1,DEL Closed,PONUMBER,13800183900,21331.0
DELClosed-405207613A-868177262042229,20240726,1,DEL Closed,GENERICATTRIBUTE7,Main Plan Cease in 30 days,
DELClosed-405207613A-921108262040689,20240726,1,DEL Closed,PONUMBER,13800183900,21331.0
DELClosed-405207613A-921108262040689,20240726,1,DEL Closed,GENERICATTRIBUTE7,Main Plan Cease in 30 days,
DELClosed-405207613A-862158261613941,20240726,1,DEL Closed,PONUMBER,13800183900,21331.0
DELClosed-405207613A-862158261613941,20240726,1,DEL Closed,GENERICATTRIBUTE7,Main Plan Cease in 30 days,
DELClosed-405207613A-929838361696562,20240726,1,DEL Closed,PONUMBER,13800183900,21331.0
DELClosed-405207613A-929838361696562,20240726,1,DEL Closed,GENERICATTRIBUTE7,Main Plan Cease in 30 days,
DELClosed-404903759A-86215823100543647,20240726,1,DEL Closed,PONUMBER,13800185106,21349.0
DELClosed-404903759A-86215823100543647,20240726,1,DEL Closed,GENERICATTRIBUTE7,DEL VAS New,
DELClosed-404903759A-86815623100543642,20240726,1,DEL Closed,PONUMBER,13800185106,21349.0
DELClosed-404903759A-86815623100543642,20240726,1,DEL Closed,GENERICATTRIBUTE7,DEL New,
DELClosed-404597234A-92983833100154430,20240726,1,DEL Closed,PONUMBER,13800185103,21348.0
DELClosed-404597234A-92983833100154430,20240726,1,DEL Closed,GENERICATTRIBUTE7,DEL VAS New,
DELClosed-404597234A-86215823100154432,20240726,1,DEL Closed,PONUMBER,13800185103,21348.0
DELClosed-404597234A-86215823100154432,20240726,1,DEL Closed,GENERICATTRIBUTE7,DEL VAS New,
DELClosed-406854564A-929842316468551,20240726,1,DEL Closed,PONUMBER,13800185441,21359.0
DELClosed-406854564A-929842316468551,20240726,1,DEL Closed,GENERICATTRIBUTE7,Main Plan Cease in 30 days,
DELClosed-404903759A-92983833100543645,20240726,1,DEL Closed,PONUMBER,13800185106,21349.0
DELClosed-404903759A-92983833100543645,20240726,1,DEL Closed,GENERICATTRIBUTE7,DEL VAS New,
DELClosed-404597234A-86815623100154427,20240726,1,DEL Closed,PONUMBER,13800185103,21348.0
DELClosed-404597234A-86815623100154427,20240726,1,DEL Closed,GENERICATTRIBUTE7,DEL New,
DELClosed-406854564A-886094216529503,20240726,1,DEL Closed,PONUMBER,13800185441,21359.0
DELClosed-406854564A-886094216529503,20240726,1,DEL Closed,GENERICATTRIBUTE7,Main Plan Cease in 30 days,
DELClosed-406828962A-87976323098690748,20240726,1,DEL Closed,PONUMBER,13738988982,21335.0
DELClosed-406828962A-87976323098690748,20240726,1,DEL Closed,COMMENTS,Ceased Txn - DELClosed-403750647A-87976323098690748-20240708-1,Cessation Txn
DELClosed-406828962A-87976323098690748,20240726,1,DEL Closed,GENERICATTRIBUTE7,Main Plan Cease in 30 days,
DELClosed-406828962A-86848823098690930,20240726,1,DEL Closed,PONUMBER,13738988982,21335.0
DELClosed-406828962A-86848823098690930,20240726,1,DEL Closed,COMMENTS,Ceased Txn - DELClosed-403750647A-86848823098690930-20240708-1,Cessation Txn
DELClosed-406828962A-86848823098690930,20240726,1,DEL Closed,GENERICATTRIBUTE7,Main Plan Cease in 30 days,
DELClosed-406854564A-929843314317583,20240726,1,DEL Closed,PONUMBER,13800185441,21359.0
DELClosed-406854564A-929843314317583,20240726,1,DEL Closed,GENERICATTRIBUTE7,Main Plan Cease in 30 days,
DELClosed-406854564A-868488216177108,20240726,1,DEL Closed,PONUMBER,13800185441,21359.0
DELClosed-406854564A-868488216177108,20240726,1,DEL Closed,GENERICATTRIBUTE7,Main Plan Cease in 30 days,
DELClosed-406854564A-862158215751419,20240726,1,DEL Closed,PONUMBER,13800185441,21359.0
DELClosed-406854564A-862158215751419,20240726,1,DEL Closed,GENERICATTRIBUTE7,Main Plan Cease in 30 days,
DELClosed-406854564A-921108213884178,20240726,1,DEL Closed,PONUMBER,13800185441,21359.0
DELClosed-406854564A-921108213884178,20240726,1,DEL Closed,GENERICATTRIBUTE7,Main Plan Cease in 30 days,
DELClosed-406854564A-929838315213338,20240726,1,DEL Closed,PONUMBER,13800185441,21359.0
DELClosed-406854564A-929838315213338,20240726,1,DEL Closed,GENERICATTRIBUTE7,Main Plan Cease in 30 days,
DELClosed-406856464A-862158238506216,20240726,1,DEL Closed,PONUMBER,13800183822,21330.0
DELClosed-406856464A-862158238506216,20240726,1,DEL Closed,GENERICATTRIBUTE7,Main Plan Cease in 30 days,
DELClosed-406856464A-870969239191502,20240726,1,DEL Closed,PONUMBER,13800183822,21330.0
DELClosed-406856464A-870969239191502,20240726,1,DEL Closed,GENERICATTRIBUTE7,Main Plan Cease in 30 days,
DELClosed-406856464A-929838331850797,20240726,1,DEL Closed,PONUMBER,13800183822,21330.0
DELClosed-406856464A-929838331850797,20240726,1,DEL Closed,GENERICATTRIBUTE7,Main Plan Cease in 30 days,
DELClosed-406856464A-921108233236264,20240726,1,DEL Closed,PONUMBER,13800183822,21330.0
DELClosed-406856464A-921108233236264,20240726,1,DEL Closed,GENERICATTRIBUTE7,Main Plan Cease in 30 days,
DELClosed-406890477A-921108233587031,20240726,1,DEL Closed,PONUMBER,13800187876,21383.0
DELClosed-406890477A-921108233587031,20240726,1,DEL Closed,GENERICATTRIBUTE7,Main Plan Cease in 30 days,
DELClosed-406890477A-1228596134229005,20240726,1,DEL Closed,PONUMBER,13800187876,21383.0
DELClosed-406890477A-1228596134229005,20240726,1,DEL Closed,GENERICATTRIBUTE7,Main Plan Cease in 30 days,
DELClosed-406854564A-868280213089026,20240726,1,DEL Closed,PONUMBER,13800185441,21359.0
DELClosed-406854564A-868280213089026,20240726,1,DEL Closed,GENERICATTRIBUTE7,Main Plan Cease in 30 days,
DELClosed-406656657A-886094216499529,20240726,1,DEL Closed,PONUMBER,13800185316,21358.0
DELClosed-406656657A-886094216499529,20240726,1,DEL Closed,GENERICATTRIBUTE7,Main Plan Cease in 30 days,
DELClosed-406655758A-929842369048591,20240726,1,DEL Closed,PONUMBER,13800187827,21381.0
DELClosed-406655758A-929842369048591,20240726,1,DEL Closed,GENERICATTRIBUTE7,Main Plan Cease in 30 days,
DELClosed-406611960A-886094216531001,20240726,1,DEL Closed,PONUMBER,13800186418,21370.0
DELClosed-406611960A-886094216531001,20240726,1,DEL Closed,GENERICATTRIBUTE7,Main Plan Cease in 30 days,
DELClosed-406655758A-929838372914920,20240726,1,DEL Closed,PONUMBER,13800187827,21381.0
DELClosed-406655758A-929838372914920,20240726,1,DEL Closed,GENERICATTRIBUTE7,Main Plan Cease in 30 days,
DELClosed-406656657A-929838315242790,20240726,1,DEL Closed,PONUMBER,13800185316,21358.0
DELClosed-406656657A-929838315242790,20240726,1,DEL Closed,GENERICATTRIBUTE7,Main Plan Cease in 30 days,
DELClosed-404557137A-921108270770278,20240726,1,DEL Closed,PONUMBER,13800183708,21327.0
DELClosed-404557137A-921108270770278,20240726,1,DEL Closed,GENERICATTRIBUTE7,Main Plan Cease in 30 days,
DELClosed-406610909A-8621582121431410,20240726,1,DEL Closed,PONUMBER,13800187869,21382.0
DELClosed-406610909A-8621582121431410,20240726,1,DEL Closed,GENERICATTRIBUTE7,Main Plan Cease in 30 days,
DELClosed-406904083A-84438823104016930,20240726,1,DEL Closed,PONUMBER,13800185123,21355.0
DELClosed-406904083A-84438823104016930,20240726,1,DEL Closed,GENERICATTRIBUTE7,DEL VAS New,
DELClosed-406609849A-929842337157698,20240726,1,DEL Closed,PONUMBER,13800186263,21367.0
DELClosed-406609849A-929842337157698,20240726,1,DEL Closed,GENERICATTRIBUTE7,Main Plan Cease in 30 days,
DELClosed-406609849A-886094235722877,20240726,1,DEL Closed,PONUMBER,13800186263,21367.0
DELClosed-406609849A-886094235722877,20240726,1,DEL Closed,GENERICATTRIBUTE7,Main Plan Cease in 30 days,
DELClosed-406658812A-8621582147826497,20240726,1,DEL Closed,PONUMBER,13800187964,21385.0
DELClosed-406658812A-8621582147826497,20240726,1,DEL Closed,GENERICATTRIBUTE7,Main Plan Cease in 30 days,
DELClosed-406619606A-8860942125779471,20240726,1,DEL Closed,PONUMBER,13800184739,21342.0
DELClosed-406619606A-8860942125779471,20240726,1,DEL Closed,GENERICATTRIBUTE7,Main Plan Cease in 30 days,
DELClosed-406645712A-886094269713035,20240726,1,DEL Closed,PONUMBER,13800186335,21368.0
DELClosed-406645712A-886094269713035,20240726,1,DEL Closed,GENERICATTRIBUTE7,Main Plan Cease in 30 days,
DELClosed-406645712A-929842370373237,20240726,1,DEL Closed,PONUMBER,13800186335,21368.0
DELClosed-406645712A-929842370373237,20240726,1,DEL Closed,GENERICATTRIBUTE7,Main Plan Cease in 30 days,
DELClosed-406854564A-929844314418488,20240726,1,DEL Closed,PONUMBER,13800185441,21359.0
DELClosed-406854564A-929844314418488,20240726,1,DEL Closed,GENERICATTRIBUTE7,Main Plan Cease in 30 days,
DELClosed-406890477A-929838332025742,20240726,1,DEL Closed,PONUMBER,13800187876,21383.0
DELClosed-406890477A-929838332025742,20240726,1,DEL Closed,GENERICATTRIBUTE7,Main Plan Cease in 30 days,
DELClosed-406890477A-868236235528348,20240726,1,DEL Closed,PONUMBER,13800187876,21383.0
DELClosed-406890477A-868236235528348,20240726,1,DEL Closed,GENERICATTRIBUTE7,Main Plan Cease in 30 days,
DELClosed-406890477A-905829236841436,20240726,1,DEL Closed,PONUMBER,13800187876,21383.0
DELClosed-406890477A-905829236841436,20240726,1,DEL Closed,GENERICATTRIBUTE7,Main Plan Cease in 30 days,
DELClosed-406890477A-862158238421672,20240726,1,DEL Closed,PONUMBER,13800187876,21383.0
DELClosed-406890477A-862158238421672,20240726,1,DEL Closed,GENERICATTRIBUTE7,Main Plan Cease in 30 days,
DELClosed-406890477A-890408239319807,20240726,1,DEL Closed,PONUMBER,13800187876,21383.0
DELClosed-406890477A-890408239319807,20240726,1,DEL Closed,GENERICATTRIBUTE7,Main Plan Cease in 30 days,
DELClosed-406890477A-900553234891795,20240726,1,DEL Closed,PONUMBER,13800187876,21383.0
DELClosed-406890477A-900553234891795,20240726,1,DEL Closed,GENERICATTRIBUTE7,Main Plan Cease in 30 days,
DELClosed-405252321A-93188833101151422,20240726,1,DEL Closed,PONUMBER,13800184831,21343.0
DELClosed-405252321A-93188833101151422,20240726,1,DEL Closed,GENERICATTRIBUTE7,DEL VAS Add,
DELClosed-405252321A-86826023101151424,20240726,1,DEL Closed,PONUMBER,13800184831,21343.0
DELClosed-405252321A-86826023101151424,20240726,1,DEL Closed,GENERICATTRIBUTE7,DEL VAS Add,
DELClosed-405054622A-92983833100779769,20240726,1,DEL Closed,PONUMBER,13800184393,21337.0
DELClosed-405054622A-92983833100779769,20240726,1,DEL Closed,GENERICATTRIBUTE7,DEL VAS New,
DELClosed-405054622A-86215823100779771,20240726,1,DEL Closed,PONUMBER,13800184393,21337.0
DELClosed-405054622A-86215823100779771,20240726,1,DEL Closed,GENERICATTRIBUTE7,DEL VAS New,
DELClosed-405054622A-86815623100779766,20240726,1,DEL Closed,PONUMBER,13800184393,21337.0
DELClosed-405054622A-86815623100779766,20240726,1,DEL Closed,GENERICATTRIBUTE7,DEL New,
DELClosed-406890508A-88732023103987460,20240726,1,DEL Closed,PONUMBER,13800186003,21363.0
DELClosed-406890508A-88732023103987460,20240726,1,DEL Closed,GENERICATTRIBUTE7,DEL VAS Add,
DELClosed-406912823A-88732023104038683,20240726,1,DEL Closed,PONUMBER,13800183811,21329.0
DELClosed-406912823A-88732023104038683,20240726,1,DEL Closed,GENERICATTRIBUTE7,DEL VAS Add,
DELClosed-406855411A-92984432813382611,20240726,1,DEL Closed,PONUMBER,13800187771,21380.0
DELClosed-406855411A-92984432813382611,20240726,1,DEL Closed,GENERICATTRIBUTE7,Main Plan Cease in 30 days,
DELClosed-406855411A-92984232813382610,20240726,1,DEL Closed,PONUMBER,13800187771,21380.0
DELClosed-406855411A-92984232813382610,20240726,1,DEL Closed,GENERICATTRIBUTE7,Main Plan Cease in 30 days,
DELClosed-406850255A-8621582122958811,20240726,1,DEL Closed,PONUMBER,13800186111,21364.0
DELClosed-406850255A-8621582122958811,20240726,1,DEL Closed,GENERICATTRIBUTE7,Main Plan Cease in 30 days,
DELClosed-406856464A-886094235449324,20240726,1,DEL Closed,PONUMBER,13800183822,21330.0
DELClosed-406856464A-886094235449324,20240726,1,DEL Closed,GENERICATTRIBUTE7,Main Plan Cease in 30 days,
DELClosed-406890477A-886094235029235,20240726,1,DEL Closed,PONUMBER,13800187876,21383.0
DELClosed-406890477A-886094235029235,20240726,1,DEL Closed,GENERICATTRIBUTE7,Main Plan Cease in 30 days,
DELClosed-406890477A-885897237451930,20240726,1,DEL Closed,PONUMBER,13800187876,21383.0
DELClosed-406890477A-885897237451930,20240726,1,DEL Closed,GENERICATTRIBUTE7,Main Plan Cease in 30 days,
DELClosed-406890477A-842444237982915,20240726,1,DEL Closed,PONUMBER,13800187876,21383.0
DELClosed-406890477A-842444237982915,20240726,1,DEL Closed,GENERICATTRIBUTE7,Main Plan Cease in 30 days,
DELClosed-406890477A-868488235945172,20240726,1,DEL Closed,PONUMBER,13800187876,21383.0
DELClosed-406890477A-868488235945172,20240726,1,DEL Closed,GENERICATTRIBUTE7,Main Plan Cease in 30 days,
DELClosed-406850255A-9298383128807665,20240726,1,DEL Closed,PONUMBER,13800186111,21364.0
DELClosed-406850255A-9298383128807665,20240726,1,DEL Closed,GENERICATTRIBUTE7,Main Plan Cease in 30 days,
DELClosed-406855411A-87976322813389888,20240726,1,DEL Closed,PONUMBER,13800187771,21380.0
DELClosed-406855411A-87976322813389888,20240726,1,DEL Closed,GENERICATTRIBUTE7,Main Plan Cease in 30 days,
DELClosed-406855411A-86848822813382656,20240726,1,DEL Closed,PONUMBER,13800187771,21380.0
DELClosed-406855411A-86848822813382656,20240726,1,DEL Closed,GENERICATTRIBUTE7,Main Plan Cease in 30 days,
DELClosed-406855411A-92110822813382664,20240726,1,DEL Closed,PONUMBER,13800187771,21380.0
DELClosed-406855411A-92110822813382664,20240726,1,DEL Closed,GENERICATTRIBUTE7,Main Plan Cease in 30 days,
DELClosed-406850255A-9211082129129294,20240726,1,DEL Closed,PONUMBER,13800186111,21364.0
DELClosed-406850255A-9211082129129294,20240726,1,DEL Closed,GENERICATTRIBUTE7,Main Plan Cease in 30 days,
DELClosed-406901417A-868236235537666,20240726,1,DEL Closed,PONUMBER,13800187908,21384.0
DELClosed-406901417A-868236235537666,20240726,1,DEL Closed,GENERICATTRIBUTE7,Main Plan Cease in 30 days,
DELClosed-406876218A-929838370733125,20240726,1,DEL Closed,PONUMBER,13800186701,21373.0
DELClosed-406876218A-929838370733125,20240726,1,DEL Closed,GENERICATTRIBUTE7,Main Plan Cease in 30 days,
DELClosed-406886256A-88732023103979171,20240726,1,DEL Closed,PONUMBER,13800186491,21371.0
DELClosed-406886256A-88732023103979171,20240726,1,DEL Closed,GENERICATTRIBUTE7,DEL VAS Add,
DELClosed-406637611A-868488236092195,20240726,1,DEL Closed,PONUMBER,13800184559,21340.0
DELClosed-406637611A-868488236092195,20240726,1,DEL Closed,GENERICATTRIBUTE7,Main Plan Cease in 30 days,
DELClosed-406905844A-88732023104020554,20240726,1,DEL Closed,PONUMBER,13800185665,21361.0
DELClosed-406905844A-88732023104020554,20240726,1,DEL Closed,GENERICATTRIBUTE7,DEL VAS Add,
DELClosed-406872676A-8621582148897631,20240726,1,DEL Closed,PONUMBER,13800184333,21333.0
DELClosed-406872676A-8621582148897631,20240726,1,DEL Closed,GENERICATTRIBUTE7,Main Plan Cease in 30 days,
DELClosed-406850255A-8860942124730816,20240726,1,DEL Closed,PONUMBER,13800186111,21364.0
DELClosed-406850255A-8860942124730816,20240726,1,DEL Closed,GENERICATTRIBUTE7,Main Plan Cease in 30 days,
DELClosed-406855411A-86215822813382665,20240726,1,DEL Closed,PONUMBER,13800187771,21380.0
DELClosed-406855411A-86215822813382665,20240726,1,DEL Closed,GENERICATTRIBUTE7,Main Plan Cease in 30 days,
DELClosed-406904212A-88732023104016364,20240726,1,DEL Closed,PONUMBER,13800187537,21378.0
DELClosed-406904212A-88732023104016364,20240726,1,DEL Closed,GENERICATTRIBUTE7,DEL VAS Add,
DELClosed-406855411A-92983832813382607,20240726,1,DEL Closed,PONUMBER,13800187771,21380.0
DELClosed-406855411A-92983832813382607,20240726,1,DEL Closed,GENERICATTRIBUTE7,Main Plan Cease in 30 days,
DELClosed-406850255A-8684882122951152,20240726,1,DEL Closed,PONUMBER,13800186111,21364.0
DELClosed-406850255A-8684882122951152,20240726,1,DEL Closed,GENERICATTRIBUTE7,Main Plan Cease in 30 days,
DELClosed-406855411A-92984332813382612,20240726,1,DEL Closed,PONUMBER,13800187771,21380.0
DELClosed-406855411A-92984332813382612,20240726,1,DEL Closed,GENERICATTRIBUTE7,Main Plan Cease in 30 days,
DELClosed-406858165A-86817126563955,20240726,1,DEL Closed,PONUMBER,13800184649,21341.0
DELClosed-406858165A-86817126563955,20240726,1,DEL Closed,GENERICATTRIBUTE7,Main Plan Cease in 30 days,
DELClosed-406901417A-929838331758653,20240726,1,DEL Closed,PONUMBER,13800187908,21384.0
DELClosed-406901417A-929838331758653,20240726,1,DEL Closed,GENERICATTRIBUTE7,Main Plan Cease in 30 days,
DELClosed-406901417A-921108233883901,20240726,1,DEL Closed,PONUMBER,13800187908,21384.0
DELClosed-406901417A-921108233883901,20240726,1,DEL Closed,GENERICATTRIBUTE7,Main Plan Cease in 30 days,
DELClosed-406901417A-862158238675855,20240726,1,DEL Closed,PONUMBER,13800187908,21384.0
DELClosed-406901417A-862158238675855,20240726,1,DEL Closed,GENERICATTRIBUTE7,Main Plan Cease in 30 days,
DELClosed-406858165A-86215826515016,20240726,1,DEL Closed,PONUMBER,13800184649,21341.0
DELClosed-406858165A-86215826515016,20240726,1,DEL Closed,GENERICATTRIBUTE7,Main Plan Cease in 30 days,
DELClosed-406858165A-92110826654465,20240726,1,DEL Closed,PONUMBER,13800184649,21341.0
DELClosed-406858165A-92110826654465,20240726,1,DEL Closed,GENERICATTRIBUTE7,Main Plan Cease in 30 days,
DELClosed-406901417A-886094235364075,20240726,1,DEL Closed,PONUMBER,13800187908,21384.0
DELClosed-406901417A-886094235364075,20240726,1,DEL Closed,GENERICATTRIBUTE7,Main Plan Cease in 30 days,
DELClosed-406858165A-92983836144859,20240726,1,DEL Closed,PONUMBER,13800184649,21341.0
DELClosed-406858165A-92983836144859,20240726,1,DEL Closed,GENERICATTRIBUTE7,Main Plan Cease in 30 days,
DELClosed-406901417A-868280235381429,20240726,1,DEL Closed,PONUMBER,13800187908,21384.0
DELClosed-406901417A-868280235381429,20240726,1,DEL Closed,GENERICATTRIBUTE7,Main Plan Cease in 30 days,
DELClosed-406876218A-862158269147079,20240726,1,DEL Closed,PONUMBER,13800186701,21373.0
DELClosed-406876218A-862158269147079,20240726,1,DEL Closed,GENERICATTRIBUTE7,Main Plan Cease in 30 days,
DELClosed-406872676A-8860942148382230,20240726,1,DEL Closed,PONUMBER,13800184333,21333.0
DELClosed-406872676A-8860942148382230,20240726,1,DEL Closed,GENERICATTRIBUTE7,Main Plan Cease in 30 days,
DELClosed-405209299A-86215823101075113,20240726,1,DEL Closed,PONUMBER,13800185110,21351.0
DELClosed-405209299A-86215823101075113,20240726,1,DEL Closed,GENERICATTRIBUTE7,DEL VAS New,
DELClosed-403936196A-8621582149176038,20240726,1,DEL Closed,PONUMBER,13800186232,21365.0
DELClosed-403936196A-8621582149176038,20240726,1,DEL Closed,GENERICATTRIBUTE7,Main Plan Cease in 30 days,
DELClosed-403936196A-8684882149089397,20240726,1,DEL Closed,PONUMBER,13800186232,21365.0
DELClosed-403936196A-8684882149089397,20240726,1,DEL Closed,GENERICATTRIBUTE7,Main Plan Cease in 30 days,
DELClosed-405926009A-92983833102287145,20240726,1,DEL Closed,PONUMBER,13800188159,21387.0
DELClosed-405926009A-92983833102287145,20240726,1,DEL Closed,GENERICATTRIBUTE7,DEL VAS New,
DELClosed-406616359A-921108213641293,20240726,1,DEL Closed,PONUMBER,13800188079,21386.0
DELClosed-406616359A-921108213641293,20240726,1,DEL Closed,GENERICATTRIBUTE7,Main Plan Cease in 30 days,
DELClosed-406616359A-862158216235513,20240726,1,DEL Closed,PONUMBER,13800188079,21386.0
DELClosed-406616359A-862158216235513,20240726,1,DEL Closed,GENERICATTRIBUTE7,Main Plan Cease in 30 days,
DELClosed-406874191A-886094271912358,20240726,1,DEL Closed,PONUMBER,13800185720,21362.0
DELClosed-406874191A-886094271912358,20240726,1,DEL Closed,GENERICATTRIBUTE7,Main Plan Cease in 30 days,
DELClosed-406866032A-900553270087636,20240726,1,DEL Closed,PONUMBER,13800186391,21369.0
DELClosed-406866032A-900553270087636,20240726,1,DEL Closed,GENERICATTRIBUTE7,Main Plan Cease in 30 days,
DELClosed-406866032A-929842372463239,20240726,1,DEL Closed,PONUMBER,13800186391,21369.0
DELClosed-406866032A-929842372463239,20240726,1,DEL Closed,GENERICATTRIBUTE7,Main Plan Cease in 30 days,
DELClosed-406874191A-921108273031990,20240726,1,DEL Closed,PONUMBER,13800185720,21362.0
DELClosed-406874191A-921108273031990,20240726,1,DEL Closed,GENERICATTRIBUTE7,Main Plan Cease in 30 days,
DELClosed-406866032A-400572123060753087,20240726,1,DEL Closed,PONUMBER,13800186391,21369.0
DELClosed-406866032A-400572123060753087,20240726,1,DEL Closed,GENERICATTRIBUTE7,Main Plan Cease in 30 days,
DELClosed-406847041A-929838315710880,20240726,1,DEL Closed,PONUMBER,13800185146,21356.0
DELClosed-406847041A-929838315710880,20240726,1,DEL Closed,GENERICATTRIBUTE7,Main Plan Cease in 30 days,
DELClosed-406847041A-921108214269426,20240726,1,DEL Closed,PONUMBER,13800185146,21356.0
DELClosed-406847041A-921108214269426,20240726,1,DEL Closed,GENERICATTRIBUTE7,Main Plan Cease in 30 days,
DELClosed-406847041A-868236215291639,20240726,1,DEL Closed,PONUMBER,13800185146,21356.0
DELClosed-406847041A-868236215291639,20240726,1,DEL Closed,GENERICATTRIBUTE7,Main Plan Cease in 30 days,
DELClosed-406876218A-886094270220403,20240726,1,DEL Closed,PONUMBER,13800186701,21373.0
DELClosed-406876218A-886094270220403,20240726,1,DEL Closed,GENERICATTRIBUTE7,Main Plan Cease in 30 days,
DELClosed-406876218A-921108272972641,20240726,1,DEL Closed,PONUMBER,13800186701,21373.0
DELClosed-406876218A-921108272972641,20240726,1,DEL Closed,GENERICATTRIBUTE7,Main Plan Cease in 30 days,
DELClosed-406637611A-862158238631783,20240726,1,DEL Closed,PONUMBER,13800184559,21340.0
DELClosed-406637611A-862158238631783,20240726,1,DEL Closed,GENERICATTRIBUTE7,Main Plan Cease in 30 days,
DELClosed-406637611A-921108233599672,20240726,1,DEL Closed,PONUMBER,13800184559,21340.0
DELClosed-406637611A-921108233599672,20240726,1,DEL Closed,GENERICATTRIBUTE7,Main Plan Cease in 30 days,
DELClosed-406637611A-929838332306503,20240726,1,DEL Closed,PONUMBER,13800184559,21340.0
DELClosed-406637611A-929838332306503,20240726,1,DEL Closed,GENERICATTRIBUTE7,Main Plan Cease in 30 days,
DELClosed-406637611A-886094235650420,20240726,1,DEL Closed,PONUMBER,13800184559,21340.0
DELClosed-406637611A-886094235650420,20240726,1,DEL Closed,GENERICATTRIBUTE7,Main Plan Cease in 30 days,
DELClosed-405082449A-92983833100855589,20240726,1,DEL Closed,PONUMBER,13800183629,21326.0
DELClosed-405082449A-92983833100855589,20240726,1,DEL Closed,GENERICATTRIBUTE7,DEL VAS New,
DELClosed-405082449A-86215823100855591,20240726,1,DEL Closed,PONUMBER,13800183629,21326.0
DELClosed-405082449A-86215823100855591,20240726,1,DEL Closed,GENERICATTRIBUTE7,DEL VAS New,
DELClosed-405082449A-86815623100855586,20240726,1,DEL Closed,PONUMBER,13800183629,21326.0
DELClosed-405082449A-86815623100855586,20240726,1,DEL Closed,GENERICATTRIBUTE7,DEL New,
DELClosed-402504548A-86815623096743112,20240726,1,DEL Closed,PONUMBER,13800184312,21332.0
DELClosed-402504548A-86815623096743112,20240726,1,DEL Closed,GENERICATTRIBUTE7,DEL New,
DELClosed-402504548A-86215823096743117,20240726,1,DEL Closed,PONUMBER,13800184312,21332.0
DELClosed-402504548A-86215823096743117,20240726,1,DEL Closed,GENERICATTRIBUTE7,DEL VAS New,
DELClosed-402504548A-92983833096743115,20240726,1,DEL Closed,PONUMBER,13800184312,21332.0
DELClosed-402504548A-92983833096743115,20240726,1,DEL Closed,GENERICATTRIBUTE7,DEL VAS New,
DELClosed-405212218A-86815623101080430,20240726,1,DEL Closed,PONUMBER,13800185107,21350.0
DELClosed-405212218A-86815623101080430,20240726,1,DEL Closed,GENERICATTRIBUTE7,DEL New,
DELClosed-405212218A-92983833101080433,20240726,1,DEL Closed,PONUMBER,13800185107,21350.0
DELClosed-405212218A-92983833101080433,20240726,1,DEL Closed,GENERICATTRIBUTE7,DEL VAS New,
DELClosed-405212218A-86215823101080435,20240726,1,DEL Closed,PONUMBER,13800185107,21350.0
DELClosed-405212218A-86215823101080435,20240726,1,DEL Closed,GENERICATTRIBUTE7,DEL VAS New,
DELClosed-406872676A-8682362148435618,20240726,1,DEL Closed,PONUMBER,13800184333,21333.0
DELClosed-406872676A-8682362148435618,20240726,1,DEL Closed,GENERICATTRIBUTE7,Main Plan Cease in 30 days,
DELClosed-406828962A-88730823098690928,20240726,1,DEL Closed,PONUMBER,13738988982,21335.0
DELClosed-406828962A-88730823098690928,20240726,1,DEL Closed,COMMENTS,Ceased Txn - DELClosed-403750647A-88730823098690928-20240708-1,Cessation Txn
DELClosed-406828962A-88730823098690928,20240726,1,DEL Closed,GENERICATTRIBUTE7,Main Plan Cease in 30 days,
DELClosed-405226014A-92983833101106520,20240726,1,DEL Closed,PONUMBER,13800184392,21336.0
DELClosed-405226014A-92983833101106520,20240726,1,DEL Closed,GENERICATTRIBUTE7,DEL VAS New,
DELClosed-405943081A-92983833102340377,20240726,1,DEL Closed,PONUMBER,13800185117,21353.0
DELClosed-405943081A-92983833102340377,20240726,1,DEL Closed,GENERICATTRIBUTE7,DEL VAS New,
DELClosed-403606258A-92983833098508248,20240726,1,DEL Closed,PONUMBER,13800184337,21334.0
DELClosed-403606258A-92983833098508248,20240726,1,DEL Closed,GENERICATTRIBUTE7,DEL VAS New,
DELClosed-397888589A-86815623089394588,20240726,1,DEL Closed,PONUMBER,13800183766,21328.0
DELClosed-397888589A-86815623089394588,20240726,1,DEL Closed,GENERICATTRIBUTE7,DEL New,
DELClosed-406656143A-9298383148411995,20240726,1,DEL Closed,PONUMBER,13800187747,21379.0
DELClosed-406656143A-9298383148411995,20240726,1,DEL Closed,GENERICATTRIBUTE7,Main Plan Cease in 30 days,
DELClosed-406656143A-9211082148833870,20240726,1,DEL Closed,PONUMBER,13800187747,21379.0
DELClosed-406656143A-9211082148833870,20240726,1,DEL Closed,GENERICATTRIBUTE7,Main Plan Cease in 30 days,
DELClosed-406872676A-9211082148607378,20240726,1,DEL Closed,PONUMBER,13800184333,21333.0
DELClosed-406872676A-9211082148607378,20240726,1,DEL Closed,GENERICATTRIBUTE7,Main Plan Cease in 30 days,
DELClosed-406872676A-9298383148145838,20240726,1,DEL Closed,PONUMBER,13800184333,21333.0
DELClosed-406872676A-9298383148145838,20240726,1,DEL Closed,GENERICATTRIBUTE7,Main Plan Cease in 30 days,
DELClosed-405209299A-86815623101075111,20240726,1,DEL Closed,PONUMBER,13800185110,21351.0
DELClosed-405209299A-86815623101075111,20240726,1,DEL Closed,GENERICATTRIBUTE7,DEL New,
DELClosed-405209299A-92983833101075117,20240726,1,DEL Closed,PONUMBER,13800185110,21351.0
DELClosed-405209299A-92983833101075117,20240726,1,DEL Closed,GENERICATTRIBUTE7,DEL VAS New,
DELClosed-403936196A-9211082148991575,20240726,1,DEL Closed,PONUMBER,13800186232,21365.0
DELClosed-403936196A-9211082148991575,20240726,1,DEL Closed,GENERICATTRIBUTE7,Main Plan Cease in 30 days,
DELClosed-403936196A-9298383148227650,20240726,1,DEL Closed,PONUMBER,13800186232,21365.0
DELClosed-403936196A-9298383148227650,20240726,1,DEL Closed,GENERICATTRIBUTE7,Main Plan Cease in 30 days,
DELClosed-403936196A-8823622149014828,20240726,1,DEL Closed,PONUMBER,13800186232,21365.0
DELClosed-403936196A-8823622149014828,20240726,1,DEL Closed,GENERICATTRIBUTE7,Main Plan Cease in 30 days,
DELClosed-403936196A-8860942148233564,20240726,1,DEL Closed,PONUMBER,13800186232,21365.0
DELClosed-403936196A-8860942148233564,20240726,1,DEL Closed,GENERICATTRIBUTE7,Main Plan Cease in 30 days,
DELClosed-402143100A-86815623096142376,20240726,1,DEL Closed,PONUMBER,13800187258,21375.0
DELClosed-402143100A-86815623096142376,20240726,1,DEL Closed,GENERICATTRIBUTE7,DEL New,
DELClosed-402143100A-86215823096142381,20240726,1,DEL Closed,PONUMBER,13800187258,21375.0
DELClosed-402143100A-86215823096142381,20240726,1,DEL Closed,GENERICATTRIBUTE7,DEL VAS New,
DELClosed-402143100A-92983833096142379,20240726,1,DEL Closed,PONUMBER,13800187258,21375.0
DELClosed-402143100A-92983833096142379,20240726,1,DEL Closed,GENERICATTRIBUTE7,DEL VAS New,
DELClosed-405809117A-86815623102150015,20240726,1,DEL Closed,PONUMBER,13800185116,21352.0
DELClosed-405809117A-86815623102150015,20240726,1,DEL Closed,GENERICATTRIBUTE7,DEL New,
DELClosed-405809117A-86215823102150020,20240726,1,DEL Closed,PONUMBER,13800185116,21352.0
DELClosed-405809117A-86215823102150020,20240726,1,DEL Closed,GENERICATTRIBUTE7,DEL VAS New,
DELClosed-405809117A-92983833102150018,20240726,1,DEL Closed,PONUMBER,13800185116,21352.0
DELClosed-405809117A-92983833102150018,20240726,1,DEL Closed,GENERICATTRIBUTE7,DEL VAS New,
DELClosed-405926009A-86815623102287142,20240726,1,DEL Closed,PONUMBER,13800188159,21387.0
DELClosed-405926009A-86815623102287142,20240726,1,DEL Closed,GENERICATTRIBUTE7,DEL New,
DELClosed-405926009A-86215823102287147,20240726,1,DEL Closed,PONUMBER,13800188159,21387.0
DELClosed-405926009A-86215823102287147,20240726,1,DEL Closed,GENERICATTRIBUTE7,DEL VAS New,
DELClosed-406616359A-886094216539465,20240726,1,DEL Closed,PONUMBER,13800188079,21386.0
DELClosed-406616359A-886094216539465,20240726,1,DEL Closed,GENERICATTRIBUTE7,Main Plan Cease in 30 days,
DELClosed-406616359A-882362215024341,20240726,1,DEL Closed,PONUMBER,13800188079,21386.0
DELClosed-406616359A-882362215024341,20240726,1,DEL Closed,GENERICATTRIBUTE7,Main Plan Cease in 30 days,
DELClosed-406616359A-929838315062948,20240726,1,DEL Closed,PONUMBER,13800188079,21386.0
DELClosed-406616359A-929838315062948,20240726,1,DEL Closed,GENERICATTRIBUTE7,Main Plan Cease in 30 days,
DELClosed-406866032A-890408268556660,20240726,1,DEL Closed,PONUMBER,13800186391,21369.0
DELClosed-406866032A-890408268556660,20240726,1,DEL Closed,GENERICATTRIBUTE7,Main Plan Cease in 30 days,
DELClosed-406866032A-93193132469932620,20240726,1,DEL Closed,PONUMBER,13800186391,21369.0
DELClosed-406866032A-93193132469932620,20240726,1,DEL Closed,GENERICATTRIBUTE7,Main Plan Cease in 30 days,
DELClosed-406874191A-929842370457560,20240726,1,DEL Closed,PONUMBER,13800185720,21362.0
DELClosed-406874191A-929842370457560,20240726,1,DEL Closed,GENERICATTRIBUTE7,Main Plan Cease in 30 days,
DELClosed-406866032A-929843366845538,20240726,1,DEL Closed,PONUMBER,13800186391,21369.0
DELClosed-406866032A-929843366845538,20240726,1,DEL Closed,GENERICATTRIBUTE7,Main Plan Cease in 30 days,
DELClosed-406866032A-862158270281450,20240726,1,DEL Closed,PONUMBER,13800186391,21369.0
DELClosed-406866032A-862158270281450,20240726,1,DEL Closed,GENERICATTRIBUTE7,Main Plan Cease in 30 days,
DELClosed-406866032A-929844372411723,20240726,1,DEL Closed,PONUMBER,13800186391,21369.0
DELClosed-406866032A-929844372411723,20240726,1,DEL Closed,GENERICATTRIBUTE7,Main Plan Cease in 30 days,
DELClosed-406874191A-929843367378915,20240726,1,DEL Closed,PONUMBER,13800185720,21362.0
DELClosed-406874191A-929843367378915,20240726,1,DEL Closed,GENERICATTRIBUTE7,Main Plan Cease in 30 days,
DELClosed-406874191A-929844370303268,20240726,1,DEL Closed,PONUMBER,13800185720,21362.0
DELClosed-406874191A-929844370303268,20240726,1,DEL Closed,GENERICATTRIBUTE7,Main Plan Cease in 30 days,
DELClosed-406874191A-862158271336345,20240726,1,DEL Closed,PONUMBER,13800185720,21362.0
DELClosed-406874191A-862158271336345,20240726,1,DEL Closed,GENERICATTRIBUTE7,Main Plan Cease in 30 days,
DELClosed-406874191A-929838371797613,20240726,1,DEL Closed,PONUMBER,13800185720,21362.0
DELClosed-406874191A-929838371797613,20240726,1,DEL Closed,GENERICATTRIBUTE7,Main Plan Cease in 30 days,
DELClosed-406866032A-929838370239228,20240726,1,DEL Closed,PONUMBER,13800186391,21369.0
DELClosed-406866032A-929838370239228,20240726,1,DEL Closed,GENERICATTRIBUTE7,Main Plan Cease in 30 days,
DELClosed-406866032A-921108271926962,20240726,1,DEL Closed,PONUMBER,13800186391,21369.0
DELClosed-406866032A-921108271926962,20240726,1,DEL Closed,GENERICATTRIBUTE7,Main Plan Cease in 30 days,
DELClosed-406866032A-886094270320648,20240726,1,DEL Closed,PONUMBER,13800186391,21369.0
DELClosed-406866032A-886094270320648,20240726,1,DEL Closed,GENERICATTRIBUTE7,Main Plan Cease in 30 days,
DELClosed-406866032A-870969273264984,20240726,1,DEL Closed,PONUMBER,13800186391,21369.0
DELClosed-406866032A-870969273264984,20240726,1,DEL Closed,GENERICATTRIBUTE7,Main Plan Cease in 30 days,
DELClosed-406866032A-868488272434595,20240726,1,DEL Closed,PONUMBER,13800186391,21369.0
DELClosed-406866032A-868488272434595,20240726,1,DEL Closed,GENERICATTRIBUTE7,Main Plan Cease in 30 days,
DELClosed-406866032A-84244423060753139,20240726,1,DEL Closed,PONUMBER,13800186391,21369.0
DELClosed-406866032A-84244423060753139,20240726,1,DEL Closed,GENERICATTRIBUTE7,Main Plan Cease in 30 days,
DELClosed-406650905A-868236264365205,20240726,1,DEL Closed,PONUMBER,13800187489,21377.0
DELClosed-406650905A-868236264365205,20240726,1,DEL Closed,GENERICATTRIBUTE7,VAS Cease in 30 days,
DELClosed-406847041A-862158215898386,20240726,1,DEL Closed,PONUMBER,13800185146,21356.0
DELClosed-406847041A-862158215898386,20240726,1,DEL Closed,GENERICATTRIBUTE7,Main Plan Cease in 30 days,
DELClosed-406847041A-900553214688808,20240726,1,DEL Closed,PONUMBER,13800185146,21356.0
DELClosed-406847041A-900553214688808,20240726,1,DEL Closed,GENERICATTRIBUTE7,Main Plan Cease in 30 days,
DELClosed-406847041A-931931315781121,20240726,1,DEL Closed,PONUMBER,13800185146,21356.0
DELClosed-406847041A-931931315781121,20240726,1,DEL Closed,GENERICATTRIBUTE7,Main Plan Cease in 30 days,
DELClosed-406847041A-842444216424638,20240726,1,DEL Closed,PONUMBER,13800185146,21356.0
DELClosed-406847041A-842444216424638,20240726,1,DEL Closed,GENERICATTRIBUTE7,Main Plan Cease in 30 days,
DELClosed-406847041A-886094216515962,20240726,1,DEL Closed,PONUMBER,13800185146,21356.0
DELClosed-406847041A-886094216515962,20240726,1,DEL Closed,GENERICATTRIBUTE7,Main Plan Cease in 30 days,
DELClosed-406847041A-890408216434586,20240726,1,DEL Closed,PONUMBER,13800185146,21356.0
DELClosed-406847041A-890408216434586,20240726,1,DEL Closed,GENERICATTRIBUTE7,Main Plan Cease in 30 days,
DELClosed-406872654A-886094270252896,20240726,1,DEL Closed,PONUMBER,13800185038,21346.0
DELClosed-406872654A-886094270252896,20240726,1,DEL Closed,GENERICATTRIBUTE7,Main Plan Cease in 30 days,
DELClosed-406872654A-868488270725721,20240726,1,DEL Closed,PONUMBER,13800185038,21346.0
DELClosed-406872654A-868488270725721,20240726,1,DEL Closed,GENERICATTRIBUTE7,Main Plan Cease in 30 days,
DELClosed-406872654A-921108270709515,20240726,1,DEL Closed,PONUMBER,13800185038,21346.0
DELClosed-406872654A-921108270709515,20240726,1,DEL Closed,GENERICATTRIBUTE7,Main Plan Cease in 30 days,
DELClosed-406872654A-862158271972807,20240726,1,DEL Closed,PONUMBER,13800185038,21346.0
DELClosed-406872654A-862158271972807,20240726,1,DEL Closed,GENERICATTRIBUTE7,Main Plan Cease in 30 days,
DELClosed-406828962A-92110823098690753,20240726,1,DEL Closed,PONUMBER,13738988982,21335.0
DELClosed-406828962A-92110823098690753,20240726,1,DEL Closed,COMMENTS,Ceased Txn - DELClosed-403750647A-92110823098690753-20240708-1,Cessation Txn
DELClosed-406828962A-92110823098690753,20240726,1,DEL Closed,GENERICATTRIBUTE7,Main Plan Cease in 30 days,
DELClosed-406872654A-929838371764521,20240726,1,DEL Closed,PONUMBER,13800185038,21346.0
DELClosed-406872654A-929838371764521,20240726,1,DEL Closed,GENERICATTRIBUTE7,Main Plan Cease in 30 days,
DELClosed-406828962A-92983833098690751,20240726,1,DEL Closed,PONUMBER,13738988982,21335.0
DELClosed-406828962A-92983833098690751,20240726,1,DEL Closed,COMMENTS,Ceased Txn - DELClosed-403750647A-92983833098690751-20240708-1,Cessation Txn
DELClosed-406828962A-92983833098690751,20240726,1,DEL Closed,GENERICATTRIBUTE7,Main Plan Cease in 30 days,
DELClosed-406828962A-86215823098690754,20240726,1,DEL Closed,PONUMBER,13738988982,21335.0
DELClosed-406828962A-86215823098690754,20240726,1,DEL Closed,COMMENTS,Ceased Txn - DELClosed-403750647A-86215823098690754-20240708-1,Cessation Txn
DELClosed-406828962A-86215823098690754,20240726,1,DEL Closed,GENERICATTRIBUTE7,Main Plan Cease in 30 days,
DELClosed-405226014A-86215823101106522,20240726,1,DEL Closed,PONUMBER,13800184392,21336.0
DELClosed-405226014A-86215823101106522,20240726,1,DEL Closed,GENERICATTRIBUTE7,DEL VAS New,
DELClosed-405226014A-86815623101106517,20240726,1,DEL Closed,PONUMBER,13800184392,21336.0
DELClosed-405226014A-86815623101106517,20240726,1,DEL Closed,GENERICATTRIBUTE7,DEL New,
DELClosed-404915605A-86815623100574420,20240726,1,DEL Closed,PONUMBER,13800183614,21325.0
DELClosed-404915605A-86815623100574420,20240726,1,DEL Closed,GENERICATTRIBUTE7,DEL New,
DELClosed-404915605A-86215823100574421,20240726,1,DEL Closed,PONUMBER,13800183614,21325.0
DELClosed-404915605A-86215823100574421,20240726,1,DEL Closed,GENERICATTRIBUTE7,DEL VAS New,
DELClosed-404915605A-92983833100574424,20240726,1,DEL Closed,PONUMBER,13800183614,21325.0
DELClosed-404915605A-92983833100574424,20240726,1,DEL Closed,GENERICATTRIBUTE7,DEL VAS New,
DELClosed-406876298A-890408268558155,20240726,1,DEL Closed,PONUMBER,13800187278,21376.0
DELClosed-406876298A-890408268558155,20240726,1,DEL Closed,GENERICATTRIBUTE7,VAS Cease in 30 days,
DELClosed-406876298A-900553270082525,20240726,1,DEL Closed,PONUMBER,13800187278,21376.0
DELClosed-406876298A-900553270082525,20240726,1,DEL Closed,GENERICATTRIBUTE7,VAS Cease in 30 days,
DELClosed-406876298A-931931365706746,20240726,1,DEL Closed,PONUMBER,13800187278,21376.0
DELClosed-406876298A-931931365706746,20240726,1,DEL Closed,GENERICATTRIBUTE7,VAS Cease in 30 days,
DELClosed-406876298A-868259264392021,20240726,1,DEL Closed,PONUMBER,13800187278,21376.0
DELClosed-406876298A-868259264392021,20240726,1,DEL Closed,GENERICATTRIBUTE7,VAS Cease in 30 days,
DELClosed-406876298A-880503266575816,20240726,1,DEL Closed,PONUMBER,13800187278,21376.0
DELClosed-406876298A-880503266575816,20240726,1,DEL Closed,GENERICATTRIBUTE7,VAS Cease in 30 days,
DELClosed-405943081A-86215823102340372,20240726,1,DEL Closed,PONUMBER,13800185117,21353.0
DELClosed-405943081A-86215823102340372,20240726,1,DEL Closed,GENERICATTRIBUTE7,DEL VAS New,
DELClosed-397888589A-92983833089394592,20240726,1,DEL Closed,PONUMBER,13800183766,21328.0
DELClosed-397888589A-92983833089394592,20240726,1,DEL Closed,GENERICATTRIBUTE7,DEL VAS New,
DELClosed-405943081A-86815623102340369,20240726,1,DEL Closed,PONUMBER,13800185117,21353.0
DELClosed-405943081A-86815623102340369,20240726,1,DEL Closed,GENERICATTRIBUTE7,DEL New,
DELClosed-403606258A-86815623098508244,20240726,1,DEL Closed,PONUMBER,13800184337,21334.0
DELClosed-403606258A-86815623098508244,20240726,1,DEL Closed,GENERICATTRIBUTE7,DEL New,
DELClosed-403606258A-86215823098508245,20240726,1,DEL Closed,PONUMBER,13800184337,21334.0
DELClosed-403606258A-86215823098508245,20240726,1,DEL Closed,GENERICATTRIBUTE7,DEL VAS New,
DELClosed-397888589A-86215823089394589,20240726,1,DEL Closed,PONUMBER,13800183766,21328.0
DELClosed-397888589A-86215823089394589,20240726,1,DEL Closed,GENERICATTRIBUTE7,DEL VAS New,
DELClosed-406656143A-9298433148613718,20240726,1,DEL Closed,PONUMBER,13800187747,21379.0
DELClosed-406656143A-9298433148613718,20240726,1,DEL Closed,GENERICATTRIBUTE7,Main Plan Cease in 30 days,
DELClosed-406656143A-9298423149101584,20240726,1,DEL Closed,PONUMBER,13800187747,21379.0
DELClosed-406656143A-9298423149101584,20240726,1,DEL Closed,GENERICATTRIBUTE7,Main Plan Cease in 30 days,
DELClosed-406656143A-8621582149186780,20240726,1,DEL Closed,PONUMBER,13800187747,21379.0
DELClosed-406656143A-8621582149186780,20240726,1,DEL Closed,GENERICATTRIBUTE7,Main Plan Cease in 30 days,
DELClosed-406656143A-8860942148650979,20240726,1,DEL Closed,PONUMBER,13800187747,21379.0
DELClosed-406656143A-8860942148650979,20240726,1,DEL Closed,GENERICATTRIBUTE7,Main Plan Cease in 30 days,
DELClosed-406656143A-9298443149276823,20240726,1,DEL Closed,PONUMBER,13800187747,21379.0
DELClosed-406656143A-9298443149276823,20240726,1,DEL Closed,GENERICATTRIBUTE7,Main Plan Cease in 30 days,
DELClosed-406611960A-921108214272563,20240726,1,DEL Closed,PONUMBER,13800186418,21370.0
DELClosed-406611960A-921108214272563,20240726,1,DEL Closed,GENERICATTRIBUTE7,Main Plan Cease in 30 days,
DELClosed-406655758A-868236267283020,20240726,1,DEL Closed,PONUMBER,13800187827,21381.0
DELClosed-406655758A-868236267283020,20240726,1,DEL Closed,GENERICATTRIBUTE7,Main Plan Cease in 30 days,
DELClosed-406656657A-862158216269771,20240726,1,DEL Closed,PONUMBER,13800185316,21358.0
DELClosed-406656657A-862158216269771,20240726,1,DEL Closed,GENERICATTRIBUTE7,Main Plan Cease in 30 days,
DELClosed-406655758A-886094270336425,20240726,1,DEL Closed,PONUMBER,13800187827,21381.0
DELClosed-406655758A-886094270336425,20240726,1,DEL Closed,GENERICATTRIBUTE7,Main Plan Cease in 30 days,
DELClosed-406655758A-921108271934267,20240726,1,DEL Closed,PONUMBER,13800187827,21381.0
DELClosed-406655758A-921108271934267,20240726,1,DEL Closed,GENERICATTRIBUTE7,Main Plan Cease in 30 days,
DELClosed-406655758A-929843366849949,20240726,1,DEL Closed,PONUMBER,13800187827,21381.0
DELClosed-406655758A-929843366849949,20240726,1,DEL Closed,GENERICATTRIBUTE7,Main Plan Cease in 30 days,
DELClosed-406655758A-862158270296648,20240726,1,DEL Closed,PONUMBER,13800187827,21381.0
DELClosed-406655758A-862158270296648,20240726,1,DEL Closed,GENERICATTRIBUTE7,Main Plan Cease in 30 days,
DELClosed-406611960A-862158216002655,20240726,1,DEL Closed,PONUMBER,13800186418,21370.0
DELClosed-406611960A-862158216002655,20240726,1,DEL Closed,GENERICATTRIBUTE7,Main Plan Cease in 30 days,
DELClosed-406611960A-929838315713716,20240726,1,DEL Closed,PONUMBER,13800186418,21370.0
DELClosed-406611960A-929838315713716,20240726,1,DEL Closed,GENERICATTRIBUTE7,Main Plan Cease in 30 days,
DELClosed-406655758A-929844365856249,20240726,1,DEL Closed,PONUMBER,13800187827,21381.0
DELClosed-406655758A-929844365856249,20240726,1,DEL Closed,GENERICATTRIBUTE7,Main Plan Cease in 30 days,
DELClosed-406656657A-921108214191980,20240726,1,DEL Closed,PONUMBER,13800185316,21358.0
DELClosed-406656657A-921108214191980,20240726,1,DEL Closed,GENERICATTRIBUTE7,Main Plan Cease in 30 days,
DELClosed-406655758A-868488272433090,20240726,1,DEL Closed,PONUMBER,13800187827,21381.0
DELClosed-406655758A-868488272433090,20240726,1,DEL Closed,GENERICATTRIBUTE7,Main Plan Cease in 30 days,
DELClosed-404557137A-862158269976702,20240726,1,DEL Closed,PONUMBER,13800183708,21327.0
DELClosed-404557137A-862158269976702,20240726,1,DEL Closed,GENERICATTRIBUTE7,Main Plan Cease in 30 days,
DELClosed-404557137A-886094270122842,20240726,1,DEL Closed,PONUMBER,13800183708,21327.0
DELClosed-404557137A-886094270122842,20240726,1,DEL Closed,GENERICATTRIBUTE7,Main Plan Cease in 30 days,
DELClosed-404557137A-868488270804884,20240726,1,DEL Closed,PONUMBER,13800183708,21327.0
DELClosed-404557137A-868488270804884,20240726,1,DEL Closed,GENERICATTRIBUTE7,Main Plan Cease in 30 days,
DELClosed-404557137A-868280265352878,20240726,1,DEL Closed,PONUMBER,13800183708,21327.0
DELClosed-404557137A-868280265352878,20240726,1,DEL Closed,GENERICATTRIBUTE7,Main Plan Cease in 30 days,
DELClosed-404557137A-929838371709480,20240726,1,DEL Closed,PONUMBER,13800183708,21327.0
DELClosed-404557137A-929838371709480,20240726,1,DEL Closed,GENERICATTRIBUTE7,Main Plan Cease in 30 days,
DELClosed-406610909A-9211082127806094,20240726,1,DEL Closed,PONUMBER,13800187869,21382.0
DELClosed-406610909A-9211082127806094,20240726,1,DEL Closed,GENERICATTRIBUTE7,Main Plan Cease in 30 days,
DELClosed-406610909A-12285961123337849,20240726,1,DEL Closed,PONUMBER,13800187869,21382.0
DELClosed-406610909A-12285961123337849,20240726,1,DEL Closed,GENERICATTRIBUTE7,Main Plan Cease in 30 days,
DELClosed-406610909A-8684882121106121,20240726,1,DEL Closed,PONUMBER,13800187869,21382.0
DELClosed-406610909A-8684882121106121,20240726,1,DEL Closed,GENERICATTRIBUTE7,Main Plan Cease in 30 days,
DELClosed-406610909A-9058292124473610,20240726,1,DEL Closed,PONUMBER,13800187869,21382.0
DELClosed-406610909A-9058292124473610,20240726,1,DEL Closed,GENERICATTRIBUTE7,Main Plan Cease in 30 days,
DELClosed-406610909A-9298383129049434,20240726,1,DEL Closed,PONUMBER,13800187869,21382.0
DELClosed-406610909A-9298383129049434,20240726,1,DEL Closed,GENERICATTRIBUTE7,Main Plan Cease in 30 days,
DELClosed-406904083A-86815623104016454,20240726,1,DEL Closed,PONUMBER,13800185123,21355.0
DELClosed-406904083A-86815623104016454,20240726,1,DEL Closed,GENERICATTRIBUTE7,DEL New,
DELClosed-406610909A-8860942129530341,20240726,1,DEL Closed,PONUMBER,13800187869,21382.0
DELClosed-406610909A-8860942129530341,20240726,1,DEL Closed,GENERICATTRIBUTE7,Main Plan Cease in 30 days,
DELClosed-406904083A-92983833104016457,20240726,1,DEL Closed,PONUMBER,13800185123,21355.0
DELClosed-406904083A-92983833104016457,20240726,1,DEL Closed,GENERICATTRIBUTE7,DEL VAS New,
DELClosed-406904083A-86215823104016459,20240726,1,DEL Closed,PONUMBER,13800185123,21355.0
DELClosed-406904083A-86215823104016459,20240726,1,DEL Closed,GENERICATTRIBUTE7,DEL VAS New,
DELClosed-406609849A-921108233842447,20240726,1,DEL Closed,PONUMBER,13800186263,21367.0
DELClosed-406609849A-921108233842447,20240726,1,DEL Closed,GENERICATTRIBUTE7,Main Plan Cease in 30 days,
DELClosed-406619606A-8901652127281543,20240726,1,DEL Closed,PONUMBER,13800184739,21342.0
DELClosed-406619606A-8901652127281543,20240726,1,DEL Closed,GENERICATTRIBUTE7,Main Plan Cease in 30 days,
DELClosed-406609849A-929843331265616,20240726,1,DEL Closed,PONUMBER,13800186263,21367.0
DELClosed-406609849A-929843331265616,20240726,1,DEL Closed,GENERICATTRIBUTE7,Main Plan Cease in 30 days,
DELClosed-406609849A-929838331724658,20240726,1,DEL Closed,PONUMBER,13800186263,21367.0
DELClosed-406609849A-929838331724658,20240726,1,DEL Closed,GENERICATTRIBUTE7,Main Plan Cease in 30 days,
DELClosed-406609849A-862158238356279,20240726,1,DEL Closed,PONUMBER,13800186263,21367.0
DELClosed-406609849A-862158238356279,20240726,1,DEL Closed,GENERICATTRIBUTE7,Main Plan Cease in 30 days,
DELClosed-406609849A-929844339053218,20240726,1,DEL Closed,PONUMBER,13800186263,21367.0
DELClosed-406609849A-929844339053218,20240726,1,DEL Closed,GENERICATTRIBUTE7,Main Plan Cease in 30 days,
DELClosed-406658812A-87976322210055975,20240726,1,DEL Closed,PONUMBER,13800187964,21385.0
DELClosed-406658812A-87976322210055975,20240726,1,DEL Closed,GENERICATTRIBUTE7,Main Plan Cease in 30 days,
DELClosed-406658812A-9211082148535576,20240726,1,DEL Closed,PONUMBER,13800187964,21385.0
DELClosed-406658812A-9211082148535576,20240726,1,DEL Closed,GENERICATTRIBUTE7,Main Plan Cease in 30 days,
DELClosed-406658812A-9298383148276021,20240726,1,DEL Closed,PONUMBER,13800187964,21385.0
DELClosed-406658812A-9298383148276021,20240726,1,DEL Closed,GENERICATTRIBUTE7,Main Plan Cease in 30 days,
DELClosed-406597640A-103217013103405349,20240726,1,DEL Closed,PONUMBER,13800186593,21372.0
DELClosed-406597640A-103217013103405349,20240726,1,DEL Closed,GENERICATTRIBUTE7,DEL VAS Add,
DELClosed-406619606A-9298383127785148,20240726,1,DEL Closed,PONUMBER,13800184739,21342.0
DELClosed-406619606A-9298383127785148,20240726,1,DEL Closed,GENERICATTRIBUTE7,Main Plan Cease in 30 days,
DELClosed-406619606A-8684882121176198,20240726,1,DEL Closed,PONUMBER,13800184739,21342.0
DELClosed-406619606A-8684882121176198,20240726,1,DEL Closed,GENERICATTRIBUTE7,Main Plan Cease in 30 days,
DELClosed-406645712A-862158270968757,20240726,1,DEL Closed,PONUMBER,13800186335,21368.0
DELClosed-406645712A-862158270968757,20240726,1,DEL Closed,GENERICATTRIBUTE7,Main Plan Cease in 30 days,
DELClosed-406619606A-8621582121919763,20240726,1,DEL Closed,PONUMBER,13800184739,21342.0
DELClosed-406619606A-8621582121919763,20240726,1,DEL Closed,GENERICATTRIBUTE7,Main Plan Cease in 30 days,
DELClosed-406619606A-9211082127033578,20240726,1,DEL Closed,PONUMBER,13800184739,21342.0
DELClosed-406619606A-9211082127033578,20240726,1,DEL Closed,GENERICATTRIBUTE7,Main Plan Cease in 30 days,
DELClosed-406603448A-92984336378980,20240726,1,DEL Closed,PONUMBER,13800184898,21345.0
DELClosed-406603448A-92984336378980,20240726,1,DEL Closed,GENERICATTRIBUTE7,Main Plan Cease in 30 days,
DELClosed-406645712A-929838372904606,20240726,1,DEL Closed,PONUMBER,13800186335,21368.0
DELClosed-406645712A-929838372904606,20240726,1,DEL Closed,GENERICATTRIBUTE7,Main Plan Cease in 30 days,
DELClosed-406645712A-929843364877260,20240726,1,DEL Closed,PONUMBER,13800186335,21368.0
DELClosed-406645712A-929843364877260,20240726,1,DEL Closed,GENERICATTRIBUTE7,Main Plan Cease in 30 days,
DELClosed-406645712A-929844370621277,20240726,1,DEL Closed,PONUMBER,13800186335,21368.0
DELClosed-406645712A-929844370621277,20240726,1,DEL Closed,GENERICATTRIBUTE7,Main Plan Cease in 30 days,
DELClosed-406645712A-921108272956221,20240726,1,DEL Closed,PONUMBER,13800186335,21368.0
DELClosed-406645712A-921108272956221,20240726,1,DEL Closed,GENERICATTRIBUTE7,Main Plan Cease in 30 days,
DELClosed-406493808A-921108294682289,20240726,1,DEL Closed,PONUMBER,13800187011,21374.0
DELClosed-406493808A-921108294682289,20240726,1,DEL Closed,GENERICATTRIBUTE7,Main Plan Cease in 30 days,
DELClosed-406493808A-868488294682285,20240726,1,DEL Closed,PONUMBER,13800187011,21374.0
DELClosed-406493808A-868488294682285,20240726,1,DEL Closed,GENERICATTRIBUTE7,Main Plan Cease in 30 days,
DELClosed-406493808A-862158294682286,20240726,1,DEL Closed,PONUMBER,13800187011,21374.0
DELClosed-406493808A-862158294682286,20240726,1,DEL Closed,GENERICATTRIBUTE7,Main Plan Cease in 30 days,
DELClosed-406603448A-92984436564434,20240726,1,DEL Closed,PONUMBER,13800184898,21345.0
DELClosed-406603448A-92984436564434,20240726,1,DEL Closed,GENERICATTRIBUTE7,Main Plan Cease in 30 days,
DELClosed-406603448A-86215826489319,20240726,1,DEL Closed,PONUMBER,13800184898,21345.0
DELClosed-406603448A-86215826489319,20240726,1,DEL Closed,GENERICATTRIBUTE7,Main Plan Cease in 30 days,
DELClosed-406603448A-88609426356730,20240726,1,DEL Closed,PONUMBER,13800184898,21345.0
DELClosed-406603448A-88609426356730,20240726,1,DEL Closed,GENERICATTRIBUTE7,Main Plan Cease in 30 days,
DELClosed-406603448A-92110826650661,20240726,1,DEL Closed,PONUMBER,13800184898,21345.0
DELClosed-406603448A-92110826650661,20240726,1,DEL Closed,GENERICATTRIBUTE7,Main Plan Cease in 30 days,
DELClosed-406603448A-86848826406503,20240726,1,DEL Closed,PONUMBER,13800184898,21345.0
DELClosed-406603448A-86848826406503,20240726,1,DEL Closed,GENERICATTRIBUTE7,Main Plan Cease in 30 days,
DELClosed-406882635A-921108213732060,20240726,1,DEL Closed,PONUMBER,13800185521,21360.0
DELClosed-406882635A-921108213732060,20240726,1,DEL Closed,GENERICATTRIBUTE7,Main Plan Cease in 30 days,
DELClosed-406603448A-92984236648264,20240726,1,DEL Closed,PONUMBER,13800184898,21345.0
DELClosed-406603448A-92984236648264,20240726,1,DEL Closed,GENERICATTRIBUTE7,Main Plan Cease in 30 days,
DELClosed-406882635A-868488216248283,20240726,1,DEL Closed,PONUMBER,13800185521,21360.0
DELClosed-406882635A-868488216248283,20240726,1,DEL Closed,GENERICATTRIBUTE7,Main Plan Cease in 30 days,
DELClosed-406882635A-929838315511620,20240726,1,DEL Closed,PONUMBER,13800185521,21360.0
DELClosed-406882635A-929838315511620,20240726,1,DEL Closed,GENERICATTRIBUTE7,Main Plan Cease in 30 days,
DELClosed-404242184A-86815623099557123,20240726,1,DEL Closed,PONUMBER,13800185097,21347.0
DELClosed-404242184A-86815623099557123,20240726,1,DEL Closed,GENERICATTRIBUTE7,DEL New,
DELClosed-404242184A-86215823099557128,20240726,1,DEL Closed,PONUMBER,13800185097,21347.0
DELClosed-404242184A-86215823099557128,20240726,1,DEL Closed,GENERICATTRIBUTE7,DEL VAS New,
DELClosed-405609110A-929843363495259,20240726,1,DEL Closed,PONUMBER,13800185223,21357.0
DELClosed-405609110A-929843363495259,20240726,1,DEL Closed,GENERICATTRIBUTE7,Main Plan Cease in 30 days,
DELClosed-405609110A-929838370291867,20240726,1,DEL Closed,PONUMBER,13800185223,21357.0
DELClosed-405609110A-929838370291867,20240726,1,DEL Closed,GENERICATTRIBUTE7,Main Plan Cease in 30 days,
DELClosed-405588771A-929838315333061,20240726,1,DEL Closed,PONUMBER,13800184465,21338.0
DELClosed-405588771A-929838315333061,20240726,1,DEL Closed,GENERICATTRIBUTE7,Main Plan Cease in 30 days,
DELClosed-405588771A-880508215729197,20240726,1,DEL Closed,PONUMBER,13800184465,21338.0
DELClosed-405588771A-880508215729197,20240726,1,DEL Closed,GENERICATTRIBUTE7,Main Plan Cease in 30 days,
DELClosed-405588771A-886094216541517,20240726,1,DEL Closed,PONUMBER,13800184465,21338.0
DELClosed-405588771A-886094216541517,20240726,1,DEL Closed,GENERICATTRIBUTE7,Main Plan Cease in 30 days,
DELClosed-405588771A-862158215684995,20240726,1,DEL Closed,PONUMBER,13800184465,21338.0
DELClosed-405588771A-862158215684995,20240726,1,DEL Closed,GENERICATTRIBUTE7,Main Plan Cease in 30 days,
DELClosed-405609110A-880508264222661,20240726,1,DEL Closed,PONUMBER,13800185223,21357.0
DELClosed-405609110A-880508264222661,20240726,1,DEL Closed,GENERICATTRIBUTE7,Main Plan Cease in 30 days,
DELClosed-406288790A-929838367809039,20240726,1,DEL Closed,PONUMBER,13800184843,21344.0
DELClosed-406288790A-929838367809039,20240726,1,DEL Closed,GENERICATTRIBUTE7,Main Plan Cease in 30 days,
DELClosed-406289602A-929843363527748,20240726,1,DEL Closed,PONUMBER,13800184541,21339.0
DELClosed-406289602A-929843363527748,20240726,1,DEL Closed,GENERICATTRIBUTE7,Main Plan Cease in 30 days,
DELClosed-406289602A-868236265784801,20240726,1,DEL Closed,PONUMBER,13800184541,21339.0
DELClosed-406289602A-868236265784801,20240726,1,DEL Closed,GENERICATTRIBUTE7,Main Plan Cease in 30 days,
DELClosed-406290733A-900553296996548,20240726,1,DEL Closed,PONUMBER,13800185118,21354.0
DELClosed-406290733A-900553296996548,20240726,1,DEL Closed,GENERICATTRIBUTE7,Main Plan Cease in 30 days,
DELClosed-406289602A-929844370195621,20240726,1,DEL Closed,PONUMBER,13800184541,21339.0
DELClosed-406289602A-929844370195621,20240726,1,DEL Closed,GENERICATTRIBUTE7,Main Plan Cease in 30 days,
DELClosed-406289602A-862158272833645,20240726,1,DEL Closed,PONUMBER,13800184541,21339.0
DELClosed-406289602A-862158272833645,20240726,1,DEL Closed,GENERICATTRIBUTE7,Main Plan Cease in 30 days,
DELClosed-406290733A-868236296996541,20240726,1,DEL Closed,PONUMBER,13800185118,21354.0
DELClosed-406290733A-868236296996541,20240726,1,DEL Closed,GENERICATTRIBUTE7,Main Plan Cease in 30 days,
DELClosed-406290733A-929844396996546,20240726,1,DEL Closed,PONUMBER,13800185118,21354.0
DELClosed-406290733A-929844396996546,20240726,1,DEL Closed,GENERICATTRIBUTE7,Main Plan Cease in 30 days,
DELClosed-406288790A-929843364255133,20240726,1,DEL Closed,PONUMBER,13800184843,21344.0
DELClosed-406288790A-929843364255133,20240726,1,DEL Closed,GENERICATTRIBUTE7,Main Plan Cease in 30 days,
DELClosed-405609110A-921108263237377,20240726,1,DEL Closed,PONUMBER,13800185223,21357.0
DELClosed-405609110A-921108263237377,20240726,1,DEL Closed,GENERICATTRIBUTE7,Main Plan Cease in 30 days,
DELClosed-405609110A-885897270355837,20240726,1,DEL Closed,PONUMBER,13800185223,21357.0
DELClosed-405609110A-885897270355837,20240726,1,DEL Closed,GENERICATTRIBUTE7,Main Plan Cease in 30 days,
DELClosed-405609110A-886094272510630,20240726,1,DEL Closed,PONUMBER,13800185223,21357.0
DELClosed-405609110A-886094272510630,20240726,1,DEL Closed,GENERICATTRIBUTE7,Main Plan Cease in 30 days,
DELClosed-406289602A-921108273368945,20240726,1,DEL Closed,PONUMBER,13800184541,21339.0
DELClosed-406289602A-921108273368945,20240726,1,DEL Closed,GENERICATTRIBUTE7,Main Plan Cease in 30 days,
DELClosed-405588771A-885897213431048,20240726,1,DEL Closed,PONUMBER,13800184465,21338.0
DELClosed-405588771A-885897213431048,20240726,1,DEL Closed,GENERICATTRIBUTE7,Main Plan Cease in 30 days,
DELClosed-406290733A-868488296996545,20240726,1,DEL Closed,PONUMBER,13800185118,21354.0
DELClosed-406290733A-868488296996545,20240726,1,DEL Closed,GENERICATTRIBUTE7,Main Plan Cease in 30 days,
DELClosed-406290733A-868280296996544,20240726,1,DEL Closed,PONUMBER,13800185118,21354.0
DELClosed-406290733A-868280296996544,20240726,1,DEL Closed,GENERICATTRIBUTE7,Main Plan Cease in 30 days,
DELClosed-406290733A-890408296996550,20240726,1,DEL Closed,PONUMBER,13800185118,21354.0
DELClosed-406290733A-890408296996550,20240726,1,DEL Closed,GENERICATTRIBUTE7,Main Plan Cease in 30 days,
DELClosed-406289602A-929838373110586,20240726,1,DEL Closed,PONUMBER,13800184541,21339.0
DELClosed-406289602A-929838373110586,20240726,1,DEL Closed,GENERICATTRIBUTE7,Main Plan Cease in 30 days,
DELClosed-406289602A-929842370369621,20240726,1,DEL Closed,PONUMBER,13800184541,21339.0
DELClosed-406289602A-929842370369621,20240726,1,DEL Closed,GENERICATTRIBUTE7,Main Plan Cease in 30 days,
DELClosed-406493808A-886094294682288,20240726,1,DEL Closed,PONUMBER,13800187011,21374.0
DELClosed-406493808A-886094294682288,20240726,1,DEL Closed,GENERICATTRIBUTE7,Main Plan Cease in 30 days,
DELClosed-406493808A-929838394682287,20240726,1,DEL Closed,PONUMBER,13800187011,21374.0
DELClosed-406493808A-929838394682287,20240726,1,DEL Closed,GENERICATTRIBUTE7,Main Plan Cease in 30 days,
DELClosed-406290733A-1514518696996542,20240726,1,DEL Closed,PONUMBER,13800185118,21354.0
DELClosed-406290733A-1514518696996542,20240726,1,DEL Closed,GENERICATTRIBUTE7,Main Plan Cease in 30 days,
DELClosed-406290733A-886094296996553,20240726,1,DEL Closed,PONUMBER,13800185118,21354.0
DELClosed-406290733A-886094296996553,20240726,1,DEL Closed,GENERICATTRIBUTE7,Main Plan Cease in 30 days,
DELClosed-405588771A-931931315788649,20240726,1,DEL Closed,PONUMBER,13800184465,21338.0
DELClosed-405588771A-931931315788649,20240726,1,DEL Closed,GENERICATTRIBUTE7,Main Plan Cease in 30 days,
DELClosed-406289602A-886094272245229,20240726,1,DEL Closed,PONUMBER,13800184541,21339.0
DELClosed-406289602A-886094272245229,20240726,1,DEL Closed,GENERICATTRIBUTE7,Main Plan Cease in 30 days,
DELClosed-405588771A-885895215721456,20240726,1,DEL Closed,PONUMBER,13800184465,21338.0
DELClosed-405588771A-885895215721456,20240726,1,DEL Closed,GENERICATTRIBUTE7,Main Plan Cease in 30 days,
DELClosed-406288790A-921108262052479,20240726,1,DEL Closed,PONUMBER,13800184843,21344.0
DELClosed-406288790A-921108262052479,20240726,1,DEL Closed,GENERICATTRIBUTE7,Main Plan Cease in 30 days,
DELClosed-406290733A-868259296996539,20240726,1,DEL Closed,PONUMBER,13800185118,21354.0
DELClosed-406290733A-868259296996539,20240726,1,DEL Closed,GENERICATTRIBUTE7,Main Plan Cease in 30 days,
DELClosed-406290733A-921108296996549,20240726,1,DEL Closed,PONUMBER,13800185118,21354.0
DELClosed-406290733A-921108296996549,20240726,1,DEL Closed,GENERICATTRIBUTE7,Main Plan Cease in 30 days,
DELClosed-406290733A-862158296996554,20240726,1,DEL Closed,PONUMBER,13800185118,21354.0
DELClosed-406290733A-862158296996554,20240726,1,DEL Closed,GENERICATTRIBUTE7,Main Plan Cease in 30 days,
DELClosed-405609110A-929842365579391,20240726,1,DEL Closed,PONUMBER,13800185223,21357.0
DELClosed-405609110A-929842365579391,20240726,1,DEL Closed,GENERICATTRIBUTE7,Main Plan Cease in 30 days,
DELClosed-405609110A-862158270762882,20240726,1,DEL Closed,PONUMBER,13800185223,21357.0
DELClosed-405609110A-862158270762882,20240726,1,DEL Closed,GENERICATTRIBUTE7,Main Plan Cease in 30 days,
DELClosed-405609110A-868488272156023,20240726,1,DEL Closed,PONUMBER,13800185223,21357.0
DELClosed-405609110A-868488272156023,20240726,1,DEL Closed,GENERICATTRIBUTE7,Main Plan Cease in 30 days,
DELClosed-405609110A-868236266843114,20240726,1,DEL Closed,PONUMBER,13800185223,21357.0
DELClosed-405609110A-868236266843114,20240726,1,DEL Closed,GENERICATTRIBUTE7,Main Plan Cease in 30 days,
DELClosed-405609110A-890408268649460,20240726,1,DEL Closed,PONUMBER,13800185223,21357.0
DELClosed-405609110A-890408268649460,20240726,1,DEL Closed,GENERICATTRIBUTE7,Main Plan Cease in 30 days,
