<?xml version="1.0" ?>
<DATA_IMPORT LOCALE="en_GB" VERSION="46.0">
	<RULE_SET>
		<RULE BUSINESS_UNITS="SR_BU_DEMO" CALENDAR="Main Monthly Calendar" DESCRIPTION="Direct credit rule for sales" ECA="true" EFFECTIVE_END_DATE="01-Jan-2200" EFFECTIVE_START_DATE="01-Jan-2022" NAME="SR_CEB_DCR_Renewal Sales" NOTALLOWUPDATE="false" TYPE="DIRECT_TRANSACTION_CREDIT">
			<ACTION_EXPRESSION_SET>
				<ACTION_EXPRESSION>
					<FUNCTION ID="DIRECT_TRANSACTION_CREDIT_ALLGAs" RULE_TYPES="DIRECT_TRANSACTION_CREDIT">
						<OUTPUT_REFERENCE DISPLAY_NAME_FOR_REPORTS="SR_CEB_DCR_Renewal Sales" IS_REPORTABLE="1" NAME="SR_CEB_DCR_Renewal Sales" PERIOD_TYPE="month" TYPE="Credit" UNIT_TYPE="CNY"/>
						<DATA_FIELD>SalesTransaction.value</DATA_FIELD>
						<HOLD_REF NAME="Release Immediately" PERIOD_TYPE="Release Immediately"/>
						<STRING_LITERAL>NULL</STRING_LITERAL>
						<CREDIT_TYPE>SR_CEB_UC3_Renewal Sales</CREDIT_TYPE>
						<BOOLEAN>false</BOOLEAN>
						<BOOLEAN>false</BOOLEAN>
						<STRING_LITERAL>NULL</STRING_LITERAL>
						<DATA_FIELD>SalesTransaction.genericAttribute1</DATA_FIELD>
						<STRING_LITERAL>NULL</STRING_LITERAL>
						<STRING_LITERAL>NULL</STRING_LITERAL>
						<STRING_LITERAL>NULL</STRING_LITERAL>
						<STRING_LITERAL>NULL</STRING_LITERAL>
						<STRING_LITERAL>NULL</STRING_LITERAL>
						<STRING_LITERAL>NULL</STRING_LITERAL>
						<STRING_LITERAL>NULL</STRING_LITERAL>
						<STRING_LITERAL>NULL</STRING_LITERAL>
						<STRING_LITERAL>NULL</STRING_LITERAL>
						<STRING_LITERAL>NULL</STRING_LITERAL>
						<STRING_LITERAL>NULL</STRING_LITERAL>
						<STRING_LITERAL>NULL</STRING_LITERAL>
						<STRING_LITERAL>NULL</STRING_LITERAL>
						<STRING_LITERAL>NULL</STRING_LITERAL>
						<STRING_LITERAL>NULL</STRING_LITERAL>
						<STRING_LITERAL>NULL</STRING_LITERAL>
						<STRING_LITERAL>NULL</STRING_LITERAL>
						<STRING_LITERAL>NULL</STRING_LITERAL>
						<STRING_LITERAL>NULL</STRING_LITERAL>
						<STRING_LITERAL>NULL</STRING_LITERAL>
						<STRING_LITERAL>NULL</STRING_LITERAL>
						<STRING_LITERAL>NULL</STRING_LITERAL>
						<STRING_LITERAL>NULL</STRING_LITERAL>
						<STRING_LITERAL>NULL</STRING_LITERAL>
						<STRING_LITERAL>NULL</STRING_LITERAL>
						<STRING_LITERAL>NULL</STRING_LITERAL>
						<STRING_LITERAL>NULL</STRING_LITERAL>
						<STRING_LITERAL>NULL</STRING_LITERAL>
						<STRING_LITERAL>NULL</STRING_LITERAL>
						<STRING_LITERAL>NULL</STRING_LITERAL>
						<STRING_LITERAL>NULL</STRING_LITERAL>
						<STRING_LITERAL>NULL</STRING_LITERAL>
						<STRING_LITERAL>NULL</STRING_LITERAL>
					</FUNCTION>
				</ACTION_EXPRESSION>
			</ACTION_EXPRESSION_SET>
			<CONDITION_EXPRESSION>
				<OPERATOR ID="AND_OPERATOR">
					<OPERATOR ID="ISEQUALTO_OPERATOR">
						<DATA_FIELD>SalesTransaction.genericAttribute1</DATA_FIELD>
						<STRING_LITERAL><![CDATA[Renewal Sales]]></STRING_LITERAL>
					</OPERATOR>
					<OPERATOR ID="OR_OPERATOR" PAREN_WRAPPED="true">
						<OPERATOR ID="ISEQUALTO_OPERATOR">
							<DATA_FIELD>SalesTransaction.productName</DATA_FIELD>
							<STRING_LITERAL><![CDATA[Windows-NT]]></STRING_LITERAL>
						</OPERATOR>
						<OPERATOR ID="ISEQUALTO_OPERATOR">
							<DATA_FIELD>SalesTransaction.productName</DATA_FIELD>
							<STRING_LITERAL><![CDATA[Windows-XP]]></STRING_LITERAL>
						</OPERATOR>
					</OPERATOR>
				</OPERATOR>
			</CONDITION_EXPRESSION>
			<EVENT_TYPE_EXPRESSION>
				<OPERATOR ID="ISEQUALTO_OPERATOR">
					<DATA_FIELD>SalesTransaction.eventType.eventTypeId</DATA_FIELD>
					<STRING_LITERAL><![CDATA[SR_CEB_Sales]]></STRING_LITERAL>
				</OPERATOR>
			</EVENT_TYPE_EXPRESSION>
		</RULE>
	</RULE_SET>
</DATA_IMPORT>