<?xml version="1.0" ?>
<DATA_IMPORT LOCALE="en_GB" VERSION="46.0">
	<RULE_SET>
		<RULE BUSINESS_UNITS="RefDemo" CALENDAR="Main Monthly Calendar" ECA="true" EFFECTIVE_END_DATE="01-Jan-2200" EFFECTIVE_START_DATE="01-Jan-2006" NAME="DCR__BMSR_Agency_Basic_Commission" NOTALLOWUPDATE="false" TYPE="DIRECT_TRANSACTION_CREDIT">
			<ACTION_EXPRESSION_SET>
				<ACTION_EXPRESSION>
					<FUNCTION ID="DIRECT_TRANSACTION_CREDIT_ALLGAs" RULE_TYPES="DIRECT_TRANSACTION_CREDIT">
						<OUTPUT_REFERENCE DISPLAY_NAME_FOR_REPORTS="Agency Basic Commission" IS_REPORTABLE="1" NAME="DC__BMSR_Agency_Basic_Commission1" PERIOD_TYPE="month" TYPE="Credit" UNIT_TYPE="LocalCurrency"/>
						<FUNCTION ID="MDLT_FUNCTION" RULE_TYPES="DIRECT_TRANSACTION_CREDIT">
							<MDLTVAR_REF NAME="LTV__BMSR_BasicComm_Amount" RETURN_TYPE="Currency"/>
							<RULE_ELEMENT_REF ID="DATE_FORMULA_REF" NAME="F__BMSR_CompDate"/>
							<STRING_LITERAL><![CDATA[Agency_BasicComm1]]></STRING_LITERAL>
							<STRING_LITERAL><![CDATA[Value]]></STRING_LITERAL>
						</FUNCTION>
						<HOLD_REF NAME="Release Immediately" PERIOD_TYPE="Release Immediately"/>
						<STRING_LITERAL>NULL</STRING_LITERAL>
						<CREDIT_TYPE>Basic Commission</CREDIT_TYPE>
						<BOOLEAN>false</BOOLEAN>
						<BOOLEAN>false</BOOLEAN>
						<STRING_LITERAL>NULL</STRING_LITERAL>
						<FUNCTION ID="MDLT_FUNCTION" RULE_TYPES="DIRECT_TRANSACTION_CREDIT">
							<MDLTVAR_REF NAME="LTV_BMCR_Credit_GAs" RETURN_TYPE="String"/>
							<RULE_ELEMENT_REF ID="DATE_FORMULA_REF" NAME="F__BMSR_CompDate"/>
							<STRING_LITERAL><![CDATA[Agency_Basic_Commission]]></STRING_LITERAL>
							<STRING_LITERAL><![CDATA[GA1]]></STRING_LITERAL>
						</FUNCTION>
						<FUNCTION ID="MDLT_FUNCTION" RULE_TYPES="DIRECT_TRANSACTION_CREDIT">
							<MDLTVAR_REF NAME="LTV_BMCR_Credit_GAs" RETURN_TYPE="String"/>
							<RULE_ELEMENT_REF ID="DATE_FORMULA_REF" NAME="F__BMSR_CompDate"/>
							<STRING_LITERAL><![CDATA[Agency_Basic_Commission]]></STRING_LITERAL>
							<STRING_LITERAL><![CDATA[GA2]]></STRING_LITERAL>
						</FUNCTION>
						<FUNCTION ID="MDLT_FUNCTION" RULE_TYPES="DIRECT_TRANSACTION_CREDIT">
							<MDLTVAR_REF NAME="LTV_BMCR_Credit_GAs" RETURN_TYPE="String"/>
							<RULE_ELEMENT_REF ID="DATE_FORMULA_REF" NAME="F__BMSR_CompDate"/>
							<STRING_LITERAL><![CDATA[Agency_Basic_Commission]]></STRING_LITERAL>
							<STRING_LITERAL><![CDATA[GA3]]></STRING_LITERAL>
						</FUNCTION>
						<FUNCTION ID="MDLT_FUNCTION" RULE_TYPES="DIRECT_TRANSACTION_CREDIT">
							<MDLTVAR_REF NAME="LTV_BMCR_Credit_GAs" RETURN_TYPE="String"/>
							<RULE_ELEMENT_REF ID="DATE_FORMULA_REF" NAME="F__BMSR_CompDate"/>
							<STRING_LITERAL><![CDATA[Agency_Basic_Commission]]></STRING_LITERAL>
							<STRING_LITERAL><![CDATA[GA4]]></STRING_LITERAL>
						</FUNCTION>
						<FUNCTION ID="MDLT_FUNCTION" RULE_TYPES="DIRECT_TRANSACTION_CREDIT">
							<MDLTVAR_REF NAME="LTV_BMCR_Credit_GAs" RETURN_TYPE="String"/>
							<RULE_ELEMENT_REF ID="DATE_FORMULA_REF" NAME="F__BMSR_CompDate"/>
							<STRING_LITERAL><![CDATA[Agency_Basic_Commission]]></STRING_LITERAL>
							<STRING_LITERAL><![CDATA[GA5]]></STRING_LITERAL>
						</FUNCTION>
						<FUNCTION ID="MDLT_FUNCTION" RULE_TYPES="DIRECT_TRANSACTION_CREDIT">
							<MDLTVAR_REF NAME="LTV_BMCR_Credit_GAs" RETURN_TYPE="String"/>
							<RULE_ELEMENT_REF ID="DATE_FORMULA_REF" NAME="F__BMSR_CompDate"/>
							<STRING_LITERAL><![CDATA[Agency_Basic_Commission]]></STRING_LITERAL>
							<STRING_LITERAL><![CDATA[GA6]]></STRING_LITERAL>
						</FUNCTION>
						<FUNCTION ID="MDLT_FUNCTION" RULE_TYPES="DIRECT_TRANSACTION_CREDIT">
							<MDLTVAR_REF NAME="LTV_BMCR_Credit_GAs" RETURN_TYPE="String"/>
							<RULE_ELEMENT_REF ID="DATE_FORMULA_REF" NAME="F__BMSR_CompDate"/>
							<STRING_LITERAL><![CDATA[Agency_Basic_Commission]]></STRING_LITERAL>
							<STRING_LITERAL><![CDATA[GA7]]></STRING_LITERAL>
						</FUNCTION>
						<FUNCTION ID="MDLT_FUNCTION" RULE_TYPES="DIRECT_TRANSACTION_CREDIT">
							<MDLTVAR_REF NAME="LTV_BMCR_Credit_GAs" RETURN_TYPE="String"/>
							<RULE_ELEMENT_REF ID="DATE_FORMULA_REF" NAME="F__BMSR_CompDate"/>
							<STRING_LITERAL><![CDATA[Agency_Basic_Commission]]></STRING_LITERAL>
							<STRING_LITERAL><![CDATA[GA8]]></STRING_LITERAL>
						</FUNCTION>
						<FUNCTION ID="MDLT_FUNCTION" RULE_TYPES="DIRECT_TRANSACTION_CREDIT">
							<MDLTVAR_REF NAME="LTV_BMCR_Credit_GAs" RETURN_TYPE="String"/>
							<RULE_ELEMENT_REF ID="DATE_FORMULA_REF" NAME="F__BMSR_CompDate"/>
							<STRING_LITERAL><![CDATA[Agency_Basic_Commission]]></STRING_LITERAL>
							<STRING_LITERAL><![CDATA[GA9]]></STRING_LITERAL>
						</FUNCTION>
						<FUNCTION ID="MDLT_FUNCTION" RULE_TYPES="DIRECT_TRANSACTION_CREDIT">
							<MDLTVAR_REF NAME="LTV_BMCR_Credit_GAs" RETURN_TYPE="String"/>
							<RULE_ELEMENT_REF ID="DATE_FORMULA_REF" NAME="F__BMSR_CompDate"/>
							<STRING_LITERAL><![CDATA[Agency_Basic_Commission]]></STRING_LITERAL>
							<STRING_LITERAL><![CDATA[GA10]]></STRING_LITERAL>
						</FUNCTION>
						<FUNCTION ID="MDLT_FUNCTION" RULE_TYPES="DIRECT_TRANSACTION_CREDIT">
							<MDLTVAR_REF NAME="LTV_BMCR_Credit_GAs" RETURN_TYPE="String"/>
							<RULE_ELEMENT_REF ID="DATE_FORMULA_REF" NAME="F__BMSR_CompDate"/>
							<STRING_LITERAL><![CDATA[Agency_Basic_Commission]]></STRING_LITERAL>
							<STRING_LITERAL><![CDATA[GA11]]></STRING_LITERAL>
						</FUNCTION>
						<FUNCTION ID="MDLT_FUNCTION" RULE_TYPES="DIRECT_TRANSACTION_CREDIT">
							<MDLTVAR_REF NAME="LTV_BMCR_Credit_GAs" RETURN_TYPE="String"/>
							<RULE_ELEMENT_REF ID="DATE_FORMULA_REF" NAME="F__BMSR_CompDate"/>
							<STRING_LITERAL><![CDATA[Agency_Basic_Commission]]></STRING_LITERAL>
							<STRING_LITERAL><![CDATA[GA12]]></STRING_LITERAL>
						</FUNCTION>
						<FUNCTION ID="MDLT_FUNCTION" RULE_TYPES="DIRECT_TRANSACTION_CREDIT">
							<MDLTVAR_REF NAME="LTV_BMCR_Credit_GAs" RETURN_TYPE="String"/>
							<RULE_ELEMENT_REF ID="DATE_FORMULA_REF" NAME="F__BMSR_CompDate"/>
							<STRING_LITERAL><![CDATA[Agency_Basic_Commission]]></STRING_LITERAL>
							<STRING_LITERAL><![CDATA[GA13]]></STRING_LITERAL>
						</FUNCTION>
						<FUNCTION ID="MDLT_FUNCTION" RULE_TYPES="DIRECT_TRANSACTION_CREDIT">
							<MDLTVAR_REF NAME="LTV_BMCR_Credit_GAs" RETURN_TYPE="String"/>
							<RULE_ELEMENT_REF ID="DATE_FORMULA_REF" NAME="F__BMSR_CompDate"/>
							<STRING_LITERAL><![CDATA[Agency_Basic_Commission]]></STRING_LITERAL>
							<STRING_LITERAL><![CDATA[GA14]]></STRING_LITERAL>
						</FUNCTION>
						<FUNCTION ID="MDLT_FUNCTION" RULE_TYPES="DIRECT_TRANSACTION_CREDIT">
							<MDLTVAR_REF NAME="LTV_BMCR_Credit_GAs" RETURN_TYPE="String"/>
							<RULE_ELEMENT_REF ID="DATE_FORMULA_REF" NAME="F__BMSR_CompDate"/>
							<STRING_LITERAL><![CDATA[Agency_Basic_Commission]]></STRING_LITERAL>
							<STRING_LITERAL><![CDATA[GA15]]></STRING_LITERAL>
						</FUNCTION>
						<FUNCTION ID="MDLT_FUNCTION" RULE_TYPES="DIRECT_TRANSACTION_CREDIT">
							<MDLTVAR_REF NAME="LTV_BMCR_Credit_GAs" RETURN_TYPE="String"/>
							<RULE_ELEMENT_REF ID="DATE_FORMULA_REF" NAME="F__BMSR_CompDate"/>
							<STRING_LITERAL><![CDATA[Agency_Basic_Commission]]></STRING_LITERAL>
							<STRING_LITERAL><![CDATA[GA16]]></STRING_LITERAL>
						</FUNCTION>
						<FUNCTION ID="setUnitType" RULE_TYPES="DIRECT_TRANSACTION_CREDIT|ROLLUP_TRANSACTION_CREDIT|DIRECT_ORDER_CREDIT|ROLLUP_ORDER_CREDIT|PRIMARY_MEASUREMENT|SECONDARY_MEASUREMENT|BONUS|BULK_COMMISSION|COMMISSION|DEPOSIT|DETAIL_DEPOSIT">
							<FUNCTION ID="MDLT_FUNCTION" RULE_TYPES="DIRECT_TRANSACTION_CREDIT">
								<MDLTVAR_REF NAME="LTV_BMCR_Credit_GNs" RETURN_TYPE="Quantity"/>
								<RULE_ELEMENT_REF ID="DATE_FORMULA_REF" NAME="F__BMSR_CompDate"/>
								<STRING_LITERAL><![CDATA[Agency_Basic_Commission]]></STRING_LITERAL>
								<STRING_LITERAL><![CDATA[GN1]]></STRING_LITERAL>
							</FUNCTION>
							<UNIT_TYPE>LocalCurrency</UNIT_TYPE>
						</FUNCTION>
						<FUNCTION ID="MDLT_FUNCTION" RULE_TYPES="DIRECT_TRANSACTION_CREDIT">
							<MDLTVAR_REF NAME="LTV_BMCR_Credit_GNs" RETURN_TYPE="Quantity"/>
							<RULE_ELEMENT_REF ID="DATE_FORMULA_REF" NAME="F__BMSR_CompDate"/>
							<STRING_LITERAL><![CDATA[Agency_Basic_Commission]]></STRING_LITERAL>
							<STRING_LITERAL><![CDATA[GN2]]></STRING_LITERAL>
						</FUNCTION>
						<FUNCTION ID="MDLT_FUNCTION" RULE_TYPES="DIRECT_TRANSACTION_CREDIT">
							<MDLTVAR_REF NAME="LTV_BMCR_Credit_GNs" RETURN_TYPE="Quantity"/>
							<RULE_ELEMENT_REF ID="DATE_FORMULA_REF" NAME="F__BMSR_CompDate"/>
							<STRING_LITERAL><![CDATA[Agency_Basic_Commission]]></STRING_LITERAL>
							<STRING_LITERAL><![CDATA[GN3]]></STRING_LITERAL>
						</FUNCTION>
						<FUNCTION ID="MDLT_FUNCTION" RULE_TYPES="DIRECT_TRANSACTION_CREDIT">
							<MDLTVAR_REF NAME="LTV_BMCR_Credit_GNs" RETURN_TYPE="Quantity"/>
							<RULE_ELEMENT_REF ID="DATE_FORMULA_REF" NAME="F__BMSR_CompDate"/>
							<STRING_LITERAL><![CDATA[Agency_Basic_Commission]]></STRING_LITERAL>
							<STRING_LITERAL><![CDATA[GN4]]></STRING_LITERAL>
						</FUNCTION>
						<FUNCTION ID="MDLT_FUNCTION" RULE_TYPES="DIRECT_TRANSACTION_CREDIT">
							<MDLTVAR_REF NAME="LTV_BMCR_Credit_GNs" RETURN_TYPE="Quantity"/>
							<RULE_ELEMENT_REF ID="DATE_FORMULA_REF" NAME="F__BMSR_CompDate"/>
							<STRING_LITERAL><![CDATA[Agency_Basic_Commission]]></STRING_LITERAL>
							<STRING_LITERAL><![CDATA[GN5]]></STRING_LITERAL>
						</FUNCTION>
						<FUNCTION ID="MDLT_FUNCTION" RULE_TYPES="DIRECT_TRANSACTION_CREDIT">
							<MDLTVAR_REF NAME="LTV_BMCR_Credit_GNs" RETURN_TYPE="Quantity"/>
							<RULE_ELEMENT_REF ID="DATE_FORMULA_REF" NAME="F__BMSR_CompDate"/>
							<STRING_LITERAL><![CDATA[Agency_Basic_Commission]]></STRING_LITERAL>
							<STRING_LITERAL><![CDATA[GN6]]></STRING_LITERAL>
						</FUNCTION>
						<DATA_FIELD>SalesTransaction.genericDate1</DATA_FIELD>
						<DATA_FIELD>SalesTransaction.genericDate2</DATA_FIELD>
						<DATA_FIELD>SalesTransaction.genericDate3</DATA_FIELD>
						<DATA_FIELD>SalesTransaction.genericDate4</DATA_FIELD>
						<DATA_FIELD>SalesTransaction.compensationDate</DATA_FIELD>
						<FUNCTION ID="_standardLastDate" RULE_TYPES="DIRECT_TRANSACTION_CREDIT|ROLLUP_TRANSACTION_CREDIT|DIRECT_ORDER_CREDIT|ROLLUP_ORDER_CREDIT|PRIMARY_MEASUREMENT|SECONDARY_MEASUREMENT|BONUS|BULK_COMMISSION|COMMISSION|DEPOSIT|DETAIL_DEPOSIT">
							<DATA_FIELD>Period.endDate</DATA_FIELD>
							<STANDARD_PERIOD>Months</STANDARD_PERIOD>
							<VALUE DECIMAL_VALUE="1" UNIT_TYPE="integer"/>
						</FUNCTION>
						<OPERATOR ID="NOT_BOOLEAN_OPERATOR">
							<RULE_ELEMENT_REF ID="BOOLEAN_FORMULA_REF" NAME="F__BMCR_BSC_ROP_Check"/>
						</OPERATOR>
						<RULE_ELEMENT_REF ID="BOOLEAN_FORMULA_REF" NAME="F__BMCR_Agency_Pay_NoPay_Indicator"/>
						<RULE_ELEMENT_REF ID="BOOLEAN_FORMULA_REF" NAME="F__BMCR_Agency_Pay_Basic_Comm"/>
						<STRING_LITERAL>NULL</STRING_LITERAL>
						<STRING_LITERAL>NULL</STRING_LITERAL>
						<RULE_ELEMENT_REF ID="BOOLEAN_FORMULA_REF" NAME="F__BMCR_Reversal_Check"/>
					</FUNCTION>
				</ACTION_EXPRESSION>
			</ACTION_EXPRESSION_SET>
			<CONDITION_EXPRESSION>
				<OPERATOR ID="AND_OPERATOR">
					<OPERATOR ID="ISEQUALTO_OPERATOR">
						<FUNCTION ID="MDLT_FUNCTION" RULE_TYPES="DIRECT_TRANSACTION_CREDIT|ROLLUP_TRANSACTION_CREDIT|DIRECT_ORDER_CREDIT|ROLLUP_ORDER_CREDIT|PRIMARY_MEASUREMENT|SECONDARY_MEASUREMENT|BONUS|BULK_COMMISSION|COMMISSION|DEPOSIT|DETAIL_DEPOSIT">
							<MDLTVAR_REF NAME="LTV__BMSR_BasicComm_Condition" RETURN_TYPE="Scalar"/>
							<DATA_FIELD>SalesTransaction.compensationDate</DATA_FIELD>
							<STRING_LITERAL><![CDATA[Agency_BasicComm1]]></STRING_LITERAL>
							<STRING_LITERAL><![CDATA[EventType]]></STRING_LITERAL>
						</FUNCTION>
						<VALUE DECIMAL_VALUE="1" UNIT_TYPE="integer"/>
					</OPERATOR>
					<OPERATOR ID="ISEQUALTO_OPERATOR">
						<FUNCTION ID="MDLT_FUNCTION" RULE_TYPES="DIRECT_TRANSACTION_CREDIT|ROLLUP_TRANSACTION_CREDIT|DIRECT_ORDER_CREDIT|ROLLUP_ORDER_CREDIT|PRIMARY_MEASUREMENT|SECONDARY_MEASUREMENT|BONUS|BULK_COMMISSION|COMMISSION|DEPOSIT|DETAIL_DEPOSIT">
							<MDLTVAR_REF NAME="LTV__BMSR_BasicComm_Condition" RETURN_TYPE="Scalar"/>
							<DATA_FIELD>SalesTransaction.compensationDate</DATA_FIELD>
							<STRING_LITERAL><![CDATA[Agency_BasicComm1]]></STRING_LITERAL>
							<STRING_LITERAL><![CDATA[PolicyStatus]]></STRING_LITERAL>
						</FUNCTION>
						<VALUE DECIMAL_VALUE="1" UNIT_TYPE="integer"/>
					</OPERATOR>
					<OPERATOR ID="ISEQUALTO_OPERATOR">
						<FUNCTION ID="MDLT_FUNCTION" RULE_TYPES="DIRECT_TRANSACTION_CREDIT|ROLLUP_TRANSACTION_CREDIT|DIRECT_ORDER_CREDIT|ROLLUP_ORDER_CREDIT|PRIMARY_MEASUREMENT|SECONDARY_MEASUREMENT|BONUS|BULK_COMMISSION|COMMISSION|DEPOSIT|DETAIL_DEPOSIT">
							<MDLTVAR_REF NAME="LTV__BMSR_BasicComm_Condition" RETURN_TYPE="Scalar"/>
							<DATA_FIELD>SalesTransaction.compensationDate</DATA_FIELD>
							<STRING_LITERAL><![CDATA[Agency_BasicComm1]]></STRING_LITERAL>
							<STRING_LITERAL><![CDATA[ProductLOB]]></STRING_LITERAL>
						</FUNCTION>
						<VALUE DECIMAL_VALUE="1" UNIT_TYPE="integer"/>
					</OPERATOR>
					<OPERATOR ID="ISEQUALTO_OPERATOR">
						<FUNCTION ID="MDLT_FUNCTION" RULE_TYPES="DIRECT_TRANSACTION_CREDIT|ROLLUP_TRANSACTION_CREDIT|DIRECT_ORDER_CREDIT|ROLLUP_ORDER_CREDIT|PRIMARY_MEASUREMENT|SECONDARY_MEASUREMENT|BONUS|BULK_COMMISSION|COMMISSION|DEPOSIT|DETAIL_DEPOSIT">
							<MDLTVAR_REF NAME="LTV__BMSR_BasicComm_Condition" RETURN_TYPE="Scalar"/>
							<DATA_FIELD>SalesTransaction.compensationDate</DATA_FIELD>
							<STRING_LITERAL><![CDATA[Agency_BasicComm1]]></STRING_LITERAL>
							<STRING_LITERAL><![CDATA[PolicyYear]]></STRING_LITERAL>
						</FUNCTION>
						<VALUE DECIMAL_VALUE="1" UNIT_TYPE="integer"/>
					</OPERATOR>
					<OPERATOR ID="ISEQUALTO_OPERATOR">
						<FUNCTION ID="MDLT_FUNCTION" RULE_TYPES="DIRECT_TRANSACTION_CREDIT|ROLLUP_TRANSACTION_CREDIT|DIRECT_ORDER_CREDIT|ROLLUP_ORDER_CREDIT|PRIMARY_MEASUREMENT|SECONDARY_MEASUREMENT|BONUS|BULK_COMMISSION|COMMISSION|DEPOSIT|DETAIL_DEPOSIT">
							<MDLTVAR_REF NAME="LTV__BMSR_BasicComm_Condition" RETURN_TYPE="Scalar"/>
							<DATA_FIELD>SalesTransaction.compensationDate</DATA_FIELD>
							<STRING_LITERAL><![CDATA[Agency_BasicComm1]]></STRING_LITERAL>
							<STRING_LITERAL><![CDATA[Enabled]]></STRING_LITERAL>
						</FUNCTION>
						<VALUE DECIMAL_VALUE="1" UNIT_TYPE="integer"/>
					</OPERATOR>
					<OPERATOR ID="ISEQUALTO_OPERATOR">
						<FUNCTION ID="MDLT_FUNCTION" RULE_TYPES="DIRECT_TRANSACTION_CREDIT|ROLLUP_TRANSACTION_CREDIT|DIRECT_ORDER_CREDIT|ROLLUP_ORDER_CREDIT|PRIMARY_MEASUREMENT|SECONDARY_MEASUREMENT|BONUS|BULK_COMMISSION|COMMISSION|DEPOSIT|DETAIL_DEPOSIT">
							<MDLTVAR_REF NAME="LTV__BMSR_BasicComm_Condition" RETURN_TYPE="Scalar"/>
							<DATA_FIELD>SalesTransaction.compensationDate</DATA_FIELD>
							<STRING_LITERAL><![CDATA[Agency_BasicComm1]]></STRING_LITERAL>
							<STRING_LITERAL><![CDATA[Custom Filter]]></STRING_LITERAL>
						</FUNCTION>
						<VALUE DECIMAL_VALUE="1" UNIT_TYPE="integer"/>
					</OPERATOR>
					<OPERATOR ID="ISEQUALTO_OPERATOR">
						<FUNCTION ID="MDLT_FUNCTION" RULE_TYPES="DIRECT_TRANSACTION_CREDIT|ROLLUP_TRANSACTION_CREDIT|DIRECT_ORDER_CREDIT|ROLLUP_ORDER_CREDIT|PRIMARY_MEASUREMENT|SECONDARY_MEASUREMENT|BONUS|BULK_COMMISSION|COMMISSION|DEPOSIT|DETAIL_DEPOSIT">
							<MDLTVAR_REF NAME="LTV__BMSR_BasicComm_Condition" RETURN_TYPE="Scalar"/>
							<DATA_FIELD>SalesTransaction.compensationDate</DATA_FIELD>
							<STRING_LITERAL><![CDATA[Agency_BasicComm1]]></STRING_LITERAL>
							<STRING_LITERAL><![CDATA[Assign_Filter]]></STRING_LITERAL>
						</FUNCTION>
						<VALUE DECIMAL_VALUE="1" UNIT_TYPE="integer"/>
					</OPERATOR>
					<OPERATOR ID="ISEQUALTO_OPERATOR">
						<FUNCTION ID="MDLT_FUNCTION" RULE_TYPES="DIRECT_TRANSACTION_CREDIT|ROLLUP_TRANSACTION_CREDIT|DIRECT_ORDER_CREDIT|ROLLUP_ORDER_CREDIT|PRIMARY_MEASUREMENT|SECONDARY_MEASUREMENT|BONUS|BULK_COMMISSION|COMMISSION|DEPOSIT|DETAIL_DEPOSIT">
							<MDLTVAR_REF NAME="LTV__BMSR_BasicComm_Condition" RETURN_TYPE="Scalar"/>
							<DATA_FIELD>SalesTransaction.compensationDate</DATA_FIELD>
							<STRING_LITERAL><![CDATA[Agency_BasicComm1]]></STRING_LITERAL>
							<STRING_LITERAL><![CDATA[Scheme_Type]]></STRING_LITERAL>
						</FUNCTION>
						<VALUE DECIMAL_VALUE="1" UNIT_TYPE="integer"/>
					</OPERATOR>
					<OPERATOR ID="ISEQUALTO_OPERATOR">
						<FUNCTION ID="MDLT_FUNCTION" RULE_TYPES="DIRECT_TRANSACTION_CREDIT|ROLLUP_TRANSACTION_CREDIT|DIRECT_ORDER_CREDIT|ROLLUP_ORDER_CREDIT|PRIMARY_MEASUREMENT|SECONDARY_MEASUREMENT|BONUS|BULK_COMMISSION|COMMISSION|DEPOSIT|DETAIL_DEPOSIT">
							<MDLTVAR_REF NAME="LTV__BMSR_BasicComm_Condition" RETURN_TYPE="Scalar"/>
							<DATA_FIELD>SalesTransaction.compensationDate</DATA_FIELD>
							<STRING_LITERAL><![CDATA[Agency_BasicComm1]]></STRING_LITERAL>
							<STRING_LITERAL><![CDATA[Premium_Type_Inclusion]]></STRING_LITERAL>
						</FUNCTION>
						<VALUE DECIMAL_VALUE="1" UNIT_TYPE="integer"/>
					</OPERATOR>
					<OPERATOR ID="ISEQUALTO_OPERATOR">
						<FUNCTION ID="MDLT_FUNCTION" RULE_TYPES="DIRECT_TRANSACTION_CREDIT|ROLLUP_TRANSACTION_CREDIT|DIRECT_ORDER_CREDIT|ROLLUP_ORDER_CREDIT|PRIMARY_MEASUREMENT|SECONDARY_MEASUREMENT|BONUS|BULK_COMMISSION|COMMISSION|DEPOSIT|DETAIL_DEPOSIT">
							<MDLTVAR_REF NAME="LTV__BMSR_BasicComm_Condition" RETURN_TYPE="Scalar"/>
							<DATA_FIELD>SalesTransaction.compensationDate</DATA_FIELD>
							<STRING_LITERAL><![CDATA[Agency_BasicComm1]]></STRING_LITERAL>
							<STRING_LITERAL><![CDATA[Product_Type_Inclusion]]></STRING_LITERAL>
						</FUNCTION>
						<VALUE DECIMAL_VALUE="1" UNIT_TYPE="integer"/>
					</OPERATOR>
					<OPERATOR ID="ISEQUALTO_OPERATOR">
						<RULE_ELEMENT_REF ID="SCALAR_FORMULA_REF" NAME="F__BMCR_Identify_Advance_Premium"/>
						<VALUE DECIMAL_VALUE="0" UNIT_TYPE="integer"/>
					</OPERATOR>
					<OPERATOR ID="ISEQUALTO_OPERATOR">
						<FUNCTION ID="MDLT_FUNCTION" RULE_TYPES="DIRECT_TRANSACTION_CREDIT|ROLLUP_TRANSACTION_CREDIT|DIRECT_ORDER_CREDIT|ROLLUP_ORDER_CREDIT|PRIMARY_MEASUREMENT|SECONDARY_MEASUREMENT|BONUS|BULK_COMMISSION|COMMISSION|DEPOSIT|DETAIL_DEPOSIT">
							<MDLTVAR_REF NAME="LTV__BMSR_BasicComm_Condition" RETURN_TYPE="Scalar"/>
							<DATA_FIELD>SalesTransaction.compensationDate</DATA_FIELD>
							<STRING_LITERAL><![CDATA[Agency_BasicComm1]]></STRING_LITERAL>
							<STRING_LITERAL><![CDATA[Product_Code_Exclusion]]></STRING_LITERAL>
						</FUNCTION>
						<VALUE DECIMAL_VALUE="0" UNIT_TYPE="integer"/>
					</OPERATOR>
					<OPERATOR ID="ISEQUALTO_OPERATOR">
						<RULE_ELEMENT_REF ID="SCALAR_FORMULA_REF" NAME="F__BMCR_BasicComm_Assignment_Filter"/>
						<VALUE DECIMAL_VALUE="1" UNIT_TYPE="integer"/>
					</OPERATOR>
				</OPERATOR>
			</CONDITION_EXPRESSION>
		</RULE>
	</RULE_SET>
</DATA_IMPORT>