<?xml version="1.0" ?>
<DATA_IMPORT LOCALE="en_GB" VERSION="46.0">
	<RULE_SET>
		<RULE BUSINESS_UNITS="__ALL_BU__" CALENDAR="Main Monthly Calendar" DESCRIPTION="Telco|111121" ECA="true" EFFECTIVE_END_DATE="01-Jan-2200" EFFECTIVE_START_DATE="01-Jan-2020" NAME="DCR_TelBMS_TV_ARPU_Incentive" NOTALLOWUPDATE="false" TYPE="DIRECT_TRANSACTION_CREDIT">
			<ACTION_EXPRESSION_SET>
				<ACTION_EXPRESSION>
					<FUNCTION ID="DIRECT_TRANSACTION_CREDIT_ALLGAs" RULE_TYPES="DIRECT_TRANSACTION_CREDIT">
						<OUTPUT_REFERENCE DISPLAY_NAME_FOR_REPORTS="DCR_TelBMS_TV_ARPU_Incentive" IS_REPORTABLE="1" NAME="DCR_TelBMS_TV_ARPU_Incentive" PERIOD_TYPE="month" TYPE="Credit" UNIT_TYPE="quantity"/>
						<FUNCTION ID="MDLT_FUNCTION" RULE_TYPES="DIRECT_TRANSACTION_CREDIT|ROLLUP_TRANSACTION_CREDIT|DIRECT_ORDER_CREDIT|ROLLUP_ORDER_CREDIT|PRIMARY_MEASUREMENT|SECONDARY_MEASUREMENT|BONUS|BULK_COMMISSION|COMMISSION|DEPOSIT|DETAIL_DEPOSIT">
							<MDLTVAR_REF NAME="LTV_TelBMS_Flat_Rate_Activation" RETURN_TYPE="Quantity"/>
							<DATA_FIELD>Period.endDate</DATA_FIELD>
							<DATA_FIELD>SalesTransaction.eventType.eventTypeId</DATA_FIELD>
							<STRING_LITERAL><![CDATA[Default]]></STRING_LITERAL>
							<DATA_FIELD>SalesTransaction.classifier(Product Tree).genericAttribute1</DATA_FIELD>
							<DATA_FIELD>SalesTransaction.classifier(Product Tree).genericAttribute2</DATA_FIELD>
							<DATA_FIELD>SalesTransaction.genericAttribute22</DATA_FIELD>
							<FUNCTION ID="setUnitType" RULE_TYPES="DIRECT_TRANSACTION_CREDIT|ROLLUP_TRANSACTION_CREDIT|DIRECT_ORDER_CREDIT|ROLLUP_ORDER_CREDIT|PRIMARY_MEASUREMENT|SECONDARY_MEASUREMENT|BONUS|BULK_COMMISSION|COMMISSION|DEPOSIT|DETAIL_DEPOSIT">
								<FUNCTION ID="ASVALUE" RULE_TYPES="DIRECT_TRANSACTION_CREDIT|ROLLUP_TRANSACTION_CREDIT|DIRECT_ORDER_CREDIT|ROLLUP_ORDER_CREDIT|PRIMARY_MEASUREMENT|SECONDARY_MEASUREMENT|BONUS|BULK_COMMISSION|COMMISSION|DEPOSIT|DETAIL_DEPOSIT">
									<DATA_FIELD>SalesTransaction.classifier(Internal-Products).genericBoolean2</DATA_FIELD>
								</FUNCTION>
								<UNIT_TYPE>quantity</UNIT_TYPE>
							</FUNCTION>
							<STRING_LITERAL><![CDATA[Default]]></STRING_LITERAL>
							<STRING_LITERAL><![CDATA[Default]]></STRING_LITERAL>
							<VALUE DECIMAL_VALUE="0" UNIT_TYPE="quantity"/>
							<VALUE DECIMAL_VALUE="0" UNIT_TYPE="quantity"/>
						</FUNCTION>
						<HOLD_REF NAME="Release Immediately" PERIOD_TYPE="Release Immediately"/>
						<STRING_LITERAL>NULL</STRING_LITERAL>
						<CREDIT_TYPE>TV_ARPU</CREDIT_TYPE>
						<BOOLEAN>false</BOOLEAN>
						<BOOLEAN>false</BOOLEAN>
						<STRING_LITERAL>NULL</STRING_LITERAL>
						<FUNCTION ID="MDLT_FUNCTION" RULE_TYPES="DIRECT_TRANSACTION_CREDIT">
							<MDLTVAR_REF NAME="LTV_TelBMS_Credit_GAs" RETURN_TYPE="String"/>
							<DATA_FIELD>Period.endDate</DATA_FIELD>
							<STRING_LITERAL><![CDATA[TV]]></STRING_LITERAL>
							<STRING_LITERAL><![CDATA[GA1]]></STRING_LITERAL>
						</FUNCTION>
						<FUNCTION ID="MDLT_FUNCTION" RULE_TYPES="DIRECT_TRANSACTION_CREDIT">
							<MDLTVAR_REF NAME="LTV_TelBMS_Credit_GAs" RETURN_TYPE="String"/>
							<DATA_FIELD>Period.endDate</DATA_FIELD>
							<STRING_LITERAL><![CDATA[TV]]></STRING_LITERAL>
							<STRING_LITERAL><![CDATA[GA2]]></STRING_LITERAL>
						</FUNCTION>
						<FUNCTION ID="MDLT_FUNCTION" RULE_TYPES="DIRECT_TRANSACTION_CREDIT">
							<MDLTVAR_REF NAME="LTV_TelBMS_Credit_GAs" RETURN_TYPE="String"/>
							<DATA_FIELD>Period.endDate</DATA_FIELD>
							<STRING_LITERAL><![CDATA[TV]]></STRING_LITERAL>
							<STRING_LITERAL><![CDATA[GA3]]></STRING_LITERAL>
						</FUNCTION>
						<FUNCTION ID="MDLT_FUNCTION" RULE_TYPES="DIRECT_TRANSACTION_CREDIT">
							<MDLTVAR_REF NAME="LTV_TelBMS_Credit_GAs" RETURN_TYPE="String"/>
							<DATA_FIELD>Period.endDate</DATA_FIELD>
							<STRING_LITERAL><![CDATA[TV]]></STRING_LITERAL>
							<STRING_LITERAL><![CDATA[GA4]]></STRING_LITERAL>
						</FUNCTION>
						<FUNCTION ID="MDLT_FUNCTION" RULE_TYPES="DIRECT_TRANSACTION_CREDIT">
							<MDLTVAR_REF NAME="LTV_TelBMS_Credit_GAs" RETURN_TYPE="String"/>
							<DATA_FIELD>Period.endDate</DATA_FIELD>
							<STRING_LITERAL><![CDATA[TV]]></STRING_LITERAL>
							<STRING_LITERAL><![CDATA[GA5]]></STRING_LITERAL>
						</FUNCTION>
						<FUNCTION ID="MDLT_FUNCTION" RULE_TYPES="DIRECT_TRANSACTION_CREDIT">
							<MDLTVAR_REF NAME="LTV_TelBMS_Credit_GAs" RETURN_TYPE="String"/>
							<DATA_FIELD>Period.endDate</DATA_FIELD>
							<STRING_LITERAL><![CDATA[TV]]></STRING_LITERAL>
							<STRING_LITERAL><![CDATA[GA6]]></STRING_LITERAL>
						</FUNCTION>
						<FUNCTION ID="MDLT_FUNCTION" RULE_TYPES="DIRECT_TRANSACTION_CREDIT">
							<MDLTVAR_REF NAME="LTV_TelBMS_Credit_GAs" RETURN_TYPE="String"/>
							<DATA_FIELD>Period.endDate</DATA_FIELD>
							<STRING_LITERAL><![CDATA[TV]]></STRING_LITERAL>
							<STRING_LITERAL><![CDATA[GA7]]></STRING_LITERAL>
						</FUNCTION>
						<FUNCTION ID="MDLT_FUNCTION" RULE_TYPES="DIRECT_TRANSACTION_CREDIT">
							<MDLTVAR_REF NAME="LTV_TelBMS_Credit_GAs" RETURN_TYPE="String"/>
							<DATA_FIELD>Period.endDate</DATA_FIELD>
							<STRING_LITERAL><![CDATA[TV]]></STRING_LITERAL>
							<STRING_LITERAL><![CDATA[GA8]]></STRING_LITERAL>
						</FUNCTION>
						<FUNCTION ID="MDLT_FUNCTION" RULE_TYPES="DIRECT_TRANSACTION_CREDIT">
							<MDLTVAR_REF NAME="LTV_TelBMS_Credit_GAs" RETURN_TYPE="String"/>
							<DATA_FIELD>Period.endDate</DATA_FIELD>
							<STRING_LITERAL><![CDATA[TV]]></STRING_LITERAL>
							<STRING_LITERAL><![CDATA[GA9]]></STRING_LITERAL>
						</FUNCTION>
						<FUNCTION ID="MDLT_FUNCTION" RULE_TYPES="DIRECT_TRANSACTION_CREDIT">
							<MDLTVAR_REF NAME="LTV_TelBMS_Credit_GAs" RETURN_TYPE="String"/>
							<DATA_FIELD>Period.endDate</DATA_FIELD>
							<STRING_LITERAL><![CDATA[TV]]></STRING_LITERAL>
							<STRING_LITERAL><![CDATA[GA10]]></STRING_LITERAL>
						</FUNCTION>
						<FUNCTION ID="MDLT_FUNCTION" RULE_TYPES="DIRECT_TRANSACTION_CREDIT">
							<MDLTVAR_REF NAME="LTV_TelBMS_Credit_GAs" RETURN_TYPE="String"/>
							<DATA_FIELD>Period.endDate</DATA_FIELD>
							<STRING_LITERAL><![CDATA[TV]]></STRING_LITERAL>
							<STRING_LITERAL><![CDATA[GA11]]></STRING_LITERAL>
						</FUNCTION>
						<FUNCTION ID="MDLT_FUNCTION" RULE_TYPES="DIRECT_TRANSACTION_CREDIT">
							<MDLTVAR_REF NAME="LTV_TelBMS_Credit_GAs" RETURN_TYPE="String"/>
							<DATA_FIELD>Period.endDate</DATA_FIELD>
							<STRING_LITERAL><![CDATA[TV]]></STRING_LITERAL>
							<STRING_LITERAL><![CDATA[GA12]]></STRING_LITERAL>
						</FUNCTION>
						<FUNCTION ID="MDLT_FUNCTION" RULE_TYPES="DIRECT_TRANSACTION_CREDIT">
							<MDLTVAR_REF NAME="LTV_TelBMS_Credit_GAs" RETURN_TYPE="String"/>
							<DATA_FIELD>Period.endDate</DATA_FIELD>
							<STRING_LITERAL><![CDATA[TV]]></STRING_LITERAL>
							<STRING_LITERAL><![CDATA[GA13]]></STRING_LITERAL>
						</FUNCTION>
						<FUNCTION ID="MDLT_FUNCTION" RULE_TYPES="DIRECT_TRANSACTION_CREDIT">
							<MDLTVAR_REF NAME="LTV_TelBMS_Credit_GAs" RETURN_TYPE="String"/>
							<DATA_FIELD>Period.endDate</DATA_FIELD>
							<STRING_LITERAL><![CDATA[TV]]></STRING_LITERAL>
							<STRING_LITERAL><![CDATA[GA14]]></STRING_LITERAL>
						</FUNCTION>
						<FUNCTION ID="MDLT_FUNCTION" RULE_TYPES="DIRECT_TRANSACTION_CREDIT">
							<MDLTVAR_REF NAME="LTV_TelBMS_Credit_GAs" RETURN_TYPE="String"/>
							<DATA_FIELD>Period.endDate</DATA_FIELD>
							<STRING_LITERAL><![CDATA[TV]]></STRING_LITERAL>
							<STRING_LITERAL><![CDATA[GA15]]></STRING_LITERAL>
						</FUNCTION>
						<FUNCTION ID="MDLT_FUNCTION" RULE_TYPES="DIRECT_TRANSACTION_CREDIT">
							<MDLTVAR_REF NAME="LTV_TelBMS_Credit_GAs" RETURN_TYPE="String"/>
							<DATA_FIELD>Period.endDate</DATA_FIELD>
							<STRING_LITERAL><![CDATA[TV]]></STRING_LITERAL>
							<STRING_LITERAL><![CDATA[GA16]]></STRING_LITERAL>
						</FUNCTION>
						<FUNCTION ID="MDLT_FUNCTION" RULE_TYPES="DIRECT_TRANSACTION_CREDIT">
							<MDLTVAR_REF NAME="LTV_TelBMS_Credit_GNs" RETURN_TYPE="Quantity"/>
							<DATA_FIELD>Period.endDate</DATA_FIELD>
							<STRING_LITERAL><![CDATA[TV]]></STRING_LITERAL>
							<STRING_LITERAL><![CDATA[GN1]]></STRING_LITERAL>
						</FUNCTION>
						<FUNCTION ID="MDLT_FUNCTION" RULE_TYPES="DIRECT_TRANSACTION_CREDIT">
							<MDLTVAR_REF NAME="LTV_TelBMS_Credit_GNs" RETURN_TYPE="Quantity"/>
							<DATA_FIELD>Period.endDate</DATA_FIELD>
							<STRING_LITERAL><![CDATA[TV]]></STRING_LITERAL>
							<STRING_LITERAL><![CDATA[GN2]]></STRING_LITERAL>
						</FUNCTION>
						<STRING_LITERAL>NULL</STRING_LITERAL>
						<STRING_LITERAL>NULL</STRING_LITERAL>
						<STRING_LITERAL>NULL</STRING_LITERAL>
						<STRING_LITERAL>NULL</STRING_LITERAL>
						<STRING_LITERAL>NULL</STRING_LITERAL>
						<STRING_LITERAL>NULL</STRING_LITERAL>
						<STRING_LITERAL>NULL</STRING_LITERAL>
						<STRING_LITERAL>NULL</STRING_LITERAL>
						<STRING_LITERAL>NULL</STRING_LITERAL>
						<STRING_LITERAL>NULL</STRING_LITERAL>
						<BOOLEAN>true</BOOLEAN>
						<STRING_LITERAL>NULL</STRING_LITERAL>
						<STRING_LITERAL>NULL</STRING_LITERAL>
						<STRING_LITERAL>NULL</STRING_LITERAL>
						<STRING_LITERAL>NULL</STRING_LITERAL>
						<STRING_LITERAL>NULL</STRING_LITERAL>
					</FUNCTION>
				</ACTION_EXPRESSION>
			</ACTION_EXPRESSION_SET>
			<CONDITION_EXPRESSION>
				<OPERATOR ID="AND_OPERATOR">
					<OPERATOR ID="ISEQUALTO_OPERATOR">
						<FUNCTION ID="MDLT_FUNCTION" RULE_TYPES="DIRECT_TRANSACTION_CREDIT|ROLLUP_TRANSACTION_CREDIT|DIRECT_ORDER_CREDIT|ROLLUP_ORDER_CREDIT|PRIMARY_MEASUREMENT|SECONDARY_MEASUREMENT|BONUS|BULK_COMMISSION|COMMISSION|DEPOSIT|DETAIL_DEPOSIT">
							<MDLTVAR_REF NAME="LTV_TelBMS_Commission_Condition" RETURN_TYPE="Quantity"/>
							<DATA_FIELD>Period.endDate</DATA_FIELD>
							<STRING_LITERAL><![CDATA[Prepaid_Activation]]></STRING_LITERAL>
							<STRING_LITERAL><![CDATA[EventType]]></STRING_LITERAL>
						</FUNCTION>
						<VALUE DECIMAL_VALUE="1" UNIT_TYPE="quantity"/>
					</OPERATOR>
					<OPERATOR ID="ISEQUALTO_OPERATOR">
						<FUNCTION ID="MDLT_FUNCTION" RULE_TYPES="DIRECT_TRANSACTION_CREDIT|ROLLUP_TRANSACTION_CREDIT|DIRECT_ORDER_CREDIT|ROLLUP_ORDER_CREDIT|PRIMARY_MEASUREMENT|SECONDARY_MEASUREMENT|BONUS|BULK_COMMISSION|COMMISSION|DEPOSIT|DETAIL_DEPOSIT">
							<MDLTVAR_REF NAME="LTV_TelBMS_Commission_Condition" RETURN_TYPE="Quantity"/>
							<DATA_FIELD>Period.endDate</DATA_FIELD>
							<STRING_LITERAL><![CDATA[Prepaid_Activation]]></STRING_LITERAL>
							<STRING_LITERAL><![CDATA[CustomerStatus]]></STRING_LITERAL>
						</FUNCTION>
						<VALUE DECIMAL_VALUE="1" UNIT_TYPE="quantity"/>
					</OPERATOR>
					<OPERATOR ID="ISEQUALTO_OPERATOR">
						<FUNCTION ID="MDLT_FUNCTION" RULE_TYPES="DIRECT_TRANSACTION_CREDIT|ROLLUP_TRANSACTION_CREDIT|DIRECT_ORDER_CREDIT|ROLLUP_ORDER_CREDIT|PRIMARY_MEASUREMENT|SECONDARY_MEASUREMENT|BONUS|BULK_COMMISSION|COMMISSION|DEPOSIT|DETAIL_DEPOSIT">
							<MDLTVAR_REF NAME="LTV_TelBMS_Commission_Condition" RETURN_TYPE="Quantity"/>
							<DATA_FIELD>Period.endDate</DATA_FIELD>
							<STRING_LITERAL><![CDATA[Prepaid_Activation]]></STRING_LITERAL>
							<STRING_LITERAL><![CDATA[ProductEligibility]]></STRING_LITERAL>
						</FUNCTION>
						<VALUE DECIMAL_VALUE="1" UNIT_TYPE="quantity"/>
					</OPERATOR>
					<OPERATOR ID="ISEQUALTO_OPERATOR">
						<FUNCTION ID="MDLT_FUNCTION" RULE_TYPES="DIRECT_TRANSACTION_CREDIT|ROLLUP_TRANSACTION_CREDIT|DIRECT_ORDER_CREDIT|ROLLUP_ORDER_CREDIT|PRIMARY_MEASUREMENT|SECONDARY_MEASUREMENT|BONUS|BULK_COMMISSION|COMMISSION|DEPOSIT|DETAIL_DEPOSIT">
							<MDLTVAR_REF NAME="LTV_TelBMS_Commission_Condition" RETURN_TYPE="Quantity"/>
							<DATA_FIELD>Period.endDate</DATA_FIELD>
							<STRING_LITERAL><![CDATA[Prepaid_Activation]]></STRING_LITERAL>
							<STRING_LITERAL><![CDATA[Contract]]></STRING_LITERAL>
						</FUNCTION>
						<VALUE DECIMAL_VALUE="1" UNIT_TYPE="quantity"/>
					</OPERATOR>
					<OPERATOR ID="ISEQUALTO_OPERATOR">
						<FUNCTION ID="MDLT_FUNCTION" RULE_TYPES="DIRECT_TRANSACTION_CREDIT|ROLLUP_TRANSACTION_CREDIT|DIRECT_ORDER_CREDIT|ROLLUP_ORDER_CREDIT|PRIMARY_MEASUREMENT|SECONDARY_MEASUREMENT|BONUS|BULK_COMMISSION|COMMISSION|DEPOSIT|DETAIL_DEPOSIT">
							<MDLTVAR_REF NAME="LTV_TelBMS_Commission_Condition" RETURN_TYPE="Quantity"/>
							<DATA_FIELD>Period.endDate</DATA_FIELD>
							<STRING_LITERAL><![CDATA[Prepaid_Activation]]></STRING_LITERAL>
							<STRING_LITERAL><![CDATA[IsEnabled]]></STRING_LITERAL>
						</FUNCTION>
						<VALUE DECIMAL_VALUE="1" UNIT_TYPE="quantity"/>
					</OPERATOR>
					<OPERATOR ID="ISEQUALTO_OPERATOR">
						<FUNCTION ID="MDLT_FUNCTION" RULE_TYPES="DIRECT_TRANSACTION_CREDIT|ROLLUP_TRANSACTION_CREDIT|DIRECT_ORDER_CREDIT|ROLLUP_ORDER_CREDIT|PRIMARY_MEASUREMENT|SECONDARY_MEASUREMENT|BONUS|BULK_COMMISSION|COMMISSION|DEPOSIT|DETAIL_DEPOSIT">
							<MDLTVAR_REF NAME="LTV_TelBMS_Commission_Condition" RETURN_TYPE="Quantity"/>
							<DATA_FIELD>Period.endDate</DATA_FIELD>
							<STRING_LITERAL><![CDATA[Prepaid_Activation]]></STRING_LITERAL>
							<STRING_LITERAL><![CDATA[Custom]]></STRING_LITERAL>
						</FUNCTION>
						<VALUE DECIMAL_VALUE="1" UNIT_TYPE="quantity"/>
					</OPERATOR>
					<OPERATOR ID="ISEQUALTO_OPERATOR">
						<FUNCTION ID="MDLT_FUNCTION" RULE_TYPES="DIRECT_TRANSACTION_CREDIT|ROLLUP_TRANSACTION_CREDIT|DIRECT_ORDER_CREDIT|ROLLUP_ORDER_CREDIT|PRIMARY_MEASUREMENT|SECONDARY_MEASUREMENT|BONUS|BULK_COMMISSION|COMMISSION|DEPOSIT|DETAIL_DEPOSIT">
							<MDLTVAR_REF NAME="LTV_TelBMS_Commission_Condition" RETURN_TYPE="Quantity"/>
							<DATA_FIELD>Period.endDate</DATA_FIELD>
							<STRING_LITERAL><![CDATA[Prepaid_Activation]]></STRING_LITERAL>
							<STRING_LITERAL><![CDATA[AssignmentFilter]]></STRING_LITERAL>
						</FUNCTION>
						<VALUE DECIMAL_VALUE="1" UNIT_TYPE="quantity"/>
					</OPERATOR>
				</OPERATOR>
			</CONDITION_EXPRESSION>
		</RULE>
	</RULE_SET>
</DATA_IMPORT>