<?xml version="1.0" ?>
<DATA_IMPORT LOCALE="en_GB" VERSION="46.0">
	<RULE_SET>
		<RULE BUSINESS_UNITS="HAYS" CALENDAR="Main Monthly Calendar" DESCRIPTION="Demo HAYS Recruitment" ECA="true" EFFECTIVE_END_DATE="01-Jan-2200" EFFECTIVE_START_DATE="01-Jan-2021" NAME="DCR_Hays Consultant Individual Fees" NOTALLOWUPDATE="false" TYPE="DIRECT_TRANSACTION_CREDIT">
			<ACTION_EXPRESSION_SET>
				<ACTION_EXPRESSION>
					<FUNCTION ID="DIRECT_TRANSACTION_CREDIT_ALLGAs" RULE_TYPES="DIRECT_TRANSACTION_CREDIT">
						<OUTPUT_REFERENCE DISPLAY_NAME_FOR_REPORTS="DC_Hays Consultant Individual Fees" IS_REPORTABLE="1" NAME="DC_Hays Consultant Individual Fees" PERIOD_TYPE="month" TYPE="Credit" UNIT_TYPE="CNY"/>
						<DATA_FIELD>SalesTransaction.value</DATA_FIELD>
						<HOLD_REF NAME="Release Immediately" PERIOD_TYPE="Release Immediately"/>
						<STRING_LITERAL>NULL</STRING_LITERAL>
						<CREDIT_TYPE>Recruitment Fees Consultant</CREDIT_TYPE>
						<BOOLEAN>false</BOOLEAN>
						<BOOLEAN>true</BOOLEAN>
						<DATA_FIELD>SalesTransaction.compensationDate</DATA_FIELD>
						<DATA_FIELD>SalesTransaction.eventType.eventTypeId</DATA_FIELD>
						<STRING_LITERAL>NULL</STRING_LITERAL>
						<STRING_LITERAL>NULL</STRING_LITERAL>
						<STRING_LITERAL>NULL</STRING_LITERAL>
						<STRING_LITERAL>NULL</STRING_LITERAL>
						<STRING_LITERAL>NULL</STRING_LITERAL>
						<STRING_LITERAL>NULL</STRING_LITERAL>
						<STRING_LITERAL>NULL</STRING_LITERAL>
						<STRING_LITERAL>NULL</STRING_LITERAL>
						<STRING_LITERAL>NULL</STRING_LITERAL>
						<STRING_LITERAL>NULL</STRING_LITERAL>
						<STRING_LITERAL>NULL</STRING_LITERAL>
						<STRING_LITERAL>NULL</STRING_LITERAL>
						<STRING_LITERAL>NULL</STRING_LITERAL>
						<STRING_LITERAL>NULL</STRING_LITERAL>
						<STRING_LITERAL>NULL</STRING_LITERAL>
						<STRING_LITERAL>NULL</STRING_LITERAL>
						<STRING_LITERAL>NULL</STRING_LITERAL>
						<STRING_LITERAL>NULL</STRING_LITERAL>
						<STRING_LITERAL>NULL</STRING_LITERAL>
						<STRING_LITERAL>NULL</STRING_LITERAL>
						<STRING_LITERAL>NULL</STRING_LITERAL>
						<RULE_ELEMENT_REF ID="DATE_FORMULA_REF" NAME="F-FiscalPeriodEndDate"/>
						<RULE_ELEMENT_REF ID="DATE_FORMULA_REF" NAME="F-Test-CalendarStartDate"/>
						<STRING_LITERAL>NULL</STRING_LITERAL>
						<STRING_LITERAL>NULL</STRING_LITERAL>
						<STRING_LITERAL>NULL</STRING_LITERAL>
						<STRING_LITERAL>NULL</STRING_LITERAL>
						<STRING_LITERAL>NULL</STRING_LITERAL>
						<STRING_LITERAL>NULL</STRING_LITERAL>
						<STRING_LITERAL>NULL</STRING_LITERAL>
						<STRING_LITERAL>NULL</STRING_LITERAL>
						<STRING_LITERAL>NULL</STRING_LITERAL>
						<STRING_LITERAL>NULL</STRING_LITERAL>
					</FUNCTION>
				</ACTION_EXPRESSION>
			</ACTION_EXPRESSION_SET>
			<EVENT_TYPE_EXPRESSION>
				<OPERATOR ID="OR_OPERATOR">
					<OPERATOR ID="ISEQUALTO_OPERATOR">
						<DATA_FIELD>SalesTransaction.eventType.eventTypeId</DATA_FIELD>
						<STRING_LITERAL><![CDATA[Recruitment Fees - Perm]]></STRING_LITERAL>
					</OPERATOR>
					<OPERATOR ID="ISEQUALTO_OPERATOR">
						<DATA_FIELD>SalesTransaction.eventType.eventTypeId</DATA_FIELD>
						<STRING_LITERAL><![CDATA[Recruitment Fees - Temp]]></STRING_LITERAL>
					</OPERATOR>
					<OPERATOR ID="ISEQUALTO_OPERATOR">
						<DATA_FIELD>SalesTransaction.eventType.eventTypeId</DATA_FIELD>
						<STRING_LITERAL><![CDATA[Recruitment Fees Perm]]></STRING_LITERAL>
					</OPERATOR>
					<OPERATOR ID="ISEQUALTO_OPERATOR">
						<DATA_FIELD>SalesTransaction.eventType.eventTypeId</DATA_FIELD>
						<STRING_LITERAL><![CDATA[Recruitment Fees Temp]]></STRING_LITERAL>
					</OPERATOR>
				</OPERATOR>
			</EVENT_TYPE_EXPRESSION>
		</RULE>
	</RULE_SET>
</DATA_IMPORT>