<?xml version="1.0" ?>
<DATA_IMPORT LOCALE="en_GB" VERSION="46.0">
	<RULE_SET>
		<RULE BUSINESS_UNITS="东风汽车" CALENDAR="Main Monthly Calendar" ECA="true" EFFECTIVE_END_DATE="01-Jan-2200" EFFECTIVE_START_DATE="01-Jan-2006" NAME="DCR_终端促销_2009045" NOTALLOWUPDATE="false" TYPE="DIRECT_TRANSACTION_CREDIT">
			<ACTION_EXPRESSION_SET>
				<ACTION_EXPRESSION>
					<FUNCTION ID="DIRECT_TRANSACTION_CREDIT_ALLGAs" RULE_TYPES="DIRECT_TRANSACTION_CREDIT">
						<OUTPUT_REFERENCE DISPLAY_NAME_FOR_REPORTS="DC_终端促销_2009045" IS_REPORTABLE="1" NAME="DC_终端促销_2009045" PERIOD_TYPE="month" TYPE="Credit" UNIT_TYPE="CNY"/>
						<OPERATOR ID="MULTIPLY_OPERATOR">
							<FUNCTION ID="ifThenElse" RULE_TYPES="DIRECT_TRANSACTION_CREDIT|ROLLUP_TRANSACTION_CREDIT|DIRECT_ORDER_CREDIT|ROLLUP_ORDER_CREDIT|PRIMARY_MEASUREMENT|SECONDARY_MEASUREMENT|BONUS|BULK_COMMISSION|COMMISSION|DEPOSIT|DETAIL_DEPOSIT">
								<OPERATOR ID="GREATERTHAN_OPERATOR">
									<FUNCTION ID="MDLT_FUNCTION" RULE_TYPES="DIRECT_TRANSACTION_CREDIT|ROLLUP_TRANSACTION_CREDIT|DIRECT_ORDER_CREDIT|ROLLUP_ORDER_CREDIT|PRIMARY_MEASUREMENT|SECONDARY_MEASUREMENT|BONUS|BULK_COMMISSION|COMMISSION|DEPOSIT|DETAIL_DEPOSIT">
										<MDLT_REF NAME="LT_终端销售奖励_v2" UNIT_TYPE="CNY"/>
										<DATA_FIELD>SalesTransaction.compensationDate</DATA_FIELD>
										<DATA_FIELD>Participant.genericAttribute2</DATA_FIELD>
										<DATA_FIELD>SalesTransaction.classifier(汽车).genericAttribute2</DATA_FIELD>
										<FUNCTION ID="SUBSTRING_FROM_TO" RULE_TYPES="DIRECT_TRANSACTION_CREDIT|ROLLUP_TRANSACTION_CREDIT|DIRECT_ORDER_CREDIT|ROLLUP_ORDER_CREDIT|PRIMARY_MEASUREMENT|SECONDARY_MEASUREMENT|BONUS|BULK_COMMISSION|COMMISSION|DEPOSIT|DETAIL_DEPOSIT">
											<DATA_FIELD>SalesTransaction.classifier(汽车).genericAttribute3</DATA_FIELD>
											<VALUE DECIMAL_VALUE="1" UNIT_TYPE="integer"/>
											<VALUE DECIMAL_VALUE="4" UNIT_TYPE="integer"/>
										</FUNCTION>
									</FUNCTION>
									<VALUE DECIMAL_VALUE="0" UNIT_TYPE="CNY"/>
								</OPERATOR>
								<FUNCTION ID="MDLT_FUNCTION" RULE_TYPES="DIRECT_TRANSACTION_CREDIT|ROLLUP_TRANSACTION_CREDIT|DIRECT_ORDER_CREDIT|ROLLUP_ORDER_CREDIT|PRIMARY_MEASUREMENT|SECONDARY_MEASUREMENT|BONUS|BULK_COMMISSION|COMMISSION|DEPOSIT|DETAIL_DEPOSIT">
									<MDLT_REF NAME="LT_终端销售奖励_v2" UNIT_TYPE="CNY"/>
									<DATA_FIELD>SalesTransaction.compensationDate</DATA_FIELD>
									<DATA_FIELD>Participant.genericAttribute2</DATA_FIELD>
									<DATA_FIELD>SalesTransaction.classifier(汽车).genericAttribute2</DATA_FIELD>
									<FUNCTION ID="SUBSTRING_FROM_TO" RULE_TYPES="DIRECT_TRANSACTION_CREDIT|ROLLUP_TRANSACTION_CREDIT|DIRECT_ORDER_CREDIT|ROLLUP_ORDER_CREDIT|PRIMARY_MEASUREMENT|SECONDARY_MEASUREMENT|BONUS|BULK_COMMISSION|COMMISSION|DEPOSIT|DETAIL_DEPOSIT">
										<DATA_FIELD>SalesTransaction.classifier(汽车).genericAttribute3</DATA_FIELD>
										<VALUE DECIMAL_VALUE="1" UNIT_TYPE="integer"/>
										<VALUE DECIMAL_VALUE="4" UNIT_TYPE="integer"/>
									</FUNCTION>
								</FUNCTION>
								<FUNCTION ID="MDLT_FUNCTION" RULE_TYPES="DIRECT_TRANSACTION_CREDIT|ROLLUP_TRANSACTION_CREDIT|DIRECT_ORDER_CREDIT|ROLLUP_ORDER_CREDIT|PRIMARY_MEASUREMENT|SECONDARY_MEASUREMENT|BONUS|BULK_COMMISSION|COMMISSION|DEPOSIT|DETAIL_DEPOSIT">
									<MDLT_REF NAME="LT_终端销售奖励_v2" UNIT_TYPE="CNY"/>
									<DATA_FIELD>SalesTransaction.compensationDate</DATA_FIELD>
									<DATA_FIELD>Participant.genericAttribute2</DATA_FIELD>
									<DATA_FIELD>SalesTransaction.classifier(汽车).genericAttribute2</DATA_FIELD>
									<FUNCTION ID="SUBSTRING_FROM_TO" RULE_TYPES="DIRECT_TRANSACTION_CREDIT|ROLLUP_TRANSACTION_CREDIT|DIRECT_ORDER_CREDIT|ROLLUP_ORDER_CREDIT|PRIMARY_MEASUREMENT|SECONDARY_MEASUREMENT|BONUS|BULK_COMMISSION|COMMISSION|DEPOSIT|DETAIL_DEPOSIT">
										<DATA_FIELD>SalesTransaction.classifier(汽车).genericAttribute3</DATA_FIELD>
										<VALUE DECIMAL_VALUE="1" UNIT_TYPE="integer"/>
										<VALUE DECIMAL_VALUE="3" UNIT_TYPE="integer"/>
									</FUNCTION>
								</FUNCTION>
							</FUNCTION>
							<DATA_FIELD>SalesTransaction.value</DATA_FIELD>
						</OPERATOR>
						<HOLD_REF NAME="Release Immediately" PERIOD_TYPE="Release Immediately"/>
						<STRING_LITERAL>NULL</STRING_LITERAL>
						<CREDIT_TYPE>终端促销</CREDIT_TYPE>
						<BOOLEAN>false</BOOLEAN>
						<BOOLEAN>false</BOOLEAN>
						<STRING_LITERAL>NULL</STRING_LITERAL>
						<DATA_FIELD>SalesTransaction.productId</DATA_FIELD>
						<DATA_FIELD>SalesTransaction.classifier(汽车).genericAttribute2</DATA_FIELD>
						<FUNCTION ID="ifThenElse" RULE_TYPES="DIRECT_TRANSACTION_CREDIT|ROLLUP_TRANSACTION_CREDIT|DIRECT_ORDER_CREDIT|ROLLUP_ORDER_CREDIT|PRIMARY_MEASUREMENT|SECONDARY_MEASUREMENT|BONUS|BULK_COMMISSION|COMMISSION|DEPOSIT|DETAIL_DEPOSIT">
							<OPERATOR ID="GREATERTHAN_OPERATOR">
								<FUNCTION ID="MDLT_FUNCTION" RULE_TYPES="DIRECT_TRANSACTION_CREDIT|ROLLUP_TRANSACTION_CREDIT|DIRECT_ORDER_CREDIT|ROLLUP_ORDER_CREDIT|PRIMARY_MEASUREMENT|SECONDARY_MEASUREMENT|BONUS|BULK_COMMISSION|COMMISSION|DEPOSIT|DETAIL_DEPOSIT">
									<MDLT_REF NAME="LT_终端销售奖励_v2" UNIT_TYPE="CNY"/>
									<DATA_FIELD>SalesTransaction.compensationDate</DATA_FIELD>
									<DATA_FIELD>Participant.genericAttribute2</DATA_FIELD>
									<DATA_FIELD>SalesTransaction.classifier(汽车).genericAttribute2</DATA_FIELD>
									<FUNCTION ID="SUBSTRING_FROM_TO" RULE_TYPES="DIRECT_TRANSACTION_CREDIT|ROLLUP_TRANSACTION_CREDIT|DIRECT_ORDER_CREDIT|ROLLUP_ORDER_CREDIT|PRIMARY_MEASUREMENT|SECONDARY_MEASUREMENT|BONUS|BULK_COMMISSION|COMMISSION|DEPOSIT|DETAIL_DEPOSIT">
										<DATA_FIELD>SalesTransaction.classifier(汽车).genericAttribute3</DATA_FIELD>
										<VALUE DECIMAL_VALUE="1" UNIT_TYPE="integer"/>
										<VALUE DECIMAL_VALUE="4" UNIT_TYPE="integer"/>
									</FUNCTION>
								</FUNCTION>
								<VALUE DECIMAL_VALUE="0" UNIT_TYPE="CNY"/>
							</OPERATOR>
							<FUNCTION ID="SUBSTRING_FROM_TO" RULE_TYPES="DIRECT_TRANSACTION_CREDIT|ROLLUP_TRANSACTION_CREDIT|DIRECT_ORDER_CREDIT|ROLLUP_ORDER_CREDIT|PRIMARY_MEASUREMENT|SECONDARY_MEASUREMENT|BONUS|BULK_COMMISSION|COMMISSION|DEPOSIT|DETAIL_DEPOSIT">
								<DATA_FIELD>SalesTransaction.classifier(汽车).genericAttribute3</DATA_FIELD>
								<VALUE DECIMAL_VALUE="1" UNIT_TYPE="integer"/>
								<VALUE DECIMAL_VALUE="4" UNIT_TYPE="integer"/>
							</FUNCTION>
							<FUNCTION ID="SUBSTRING_FROM_TO" RULE_TYPES="DIRECT_TRANSACTION_CREDIT|ROLLUP_TRANSACTION_CREDIT|DIRECT_ORDER_CREDIT|ROLLUP_ORDER_CREDIT|PRIMARY_MEASUREMENT|SECONDARY_MEASUREMENT|BONUS|BULK_COMMISSION|COMMISSION|DEPOSIT|DETAIL_DEPOSIT">
								<DATA_FIELD>SalesTransaction.classifier(汽车).genericAttribute3</DATA_FIELD>
								<VALUE DECIMAL_VALUE="1" UNIT_TYPE="integer"/>
								<VALUE DECIMAL_VALUE="3" UNIT_TYPE="integer"/>
							</FUNCTION>
						</FUNCTION>
						<DATA_FIELD>Participant.genericAttribute2</DATA_FIELD>
						<STRING_LITERAL>NULL</STRING_LITERAL>
						<STRING_LITERAL>NULL</STRING_LITERAL>
						<STRING_LITERAL>NULL</STRING_LITERAL>
						<STRING_LITERAL>NULL</STRING_LITERAL>
						<STRING_LITERAL>NULL</STRING_LITERAL>
						<STRING_LITERAL>NULL</STRING_LITERAL>
						<STRING_LITERAL>NULL</STRING_LITERAL>
						<STRING_LITERAL>NULL</STRING_LITERAL>
						<STRING_LITERAL>NULL</STRING_LITERAL>
						<STRING_LITERAL>NULL</STRING_LITERAL>
						<STRING_LITERAL>NULL</STRING_LITERAL>
						<STRING_LITERAL>NULL</STRING_LITERAL>
						<VALUE DECIMAL_VALUE="1.1" UNIT_TYPE="台"/>
						<STRING_LITERAL>NULL</STRING_LITERAL>
						<STRING_LITERAL>NULL</STRING_LITERAL>
						<STRING_LITERAL>NULL</STRING_LITERAL>
						<STRING_LITERAL>NULL</STRING_LITERAL>
						<STRING_LITERAL>NULL</STRING_LITERAL>
						<STRING_LITERAL>NULL</STRING_LITERAL>
						<STRING_LITERAL>NULL</STRING_LITERAL>
						<STRING_LITERAL>NULL</STRING_LITERAL>
						<STRING_LITERAL>NULL</STRING_LITERAL>
						<STRING_LITERAL>NULL</STRING_LITERAL>
						<STRING_LITERAL>NULL</STRING_LITERAL>
						<STRING_LITERAL>NULL</STRING_LITERAL>
						<STRING_LITERAL>NULL</STRING_LITERAL>
						<STRING_LITERAL>NULL</STRING_LITERAL>
						<STRING_LITERAL>NULL</STRING_LITERAL>
						<STRING_LITERAL>NULL</STRING_LITERAL>
						<STRING_LITERAL>NULL</STRING_LITERAL>
					</FUNCTION>
				</ACTION_EXPRESSION>
			</ACTION_EXPRESSION_SET>
			<CONDITION_EXPRESSION>
				<OPERATOR ID="GREATERTHAN_OPERATOR">
					<DATA_FIELD>SalesTransaction.genericDate1</DATA_FIELD>
					<FUNCTION ID="_standardLastDate" RULE_TYPES="DIRECT_TRANSACTION_CREDIT|ROLLUP_TRANSACTION_CREDIT|DIRECT_ORDER_CREDIT|ROLLUP_ORDER_CREDIT|PRIMARY_MEASUREMENT|SECONDARY_MEASUREMENT|BONUS|BULK_COMMISSION|COMMISSION|DEPOSIT|DETAIL_DEPOSIT">
						<FUNCTION ID="_standardFirstDate" RULE_TYPES="DIRECT_TRANSACTION_CREDIT|ROLLUP_TRANSACTION_CREDIT|DIRECT_ORDER_CREDIT|ROLLUP_ORDER_CREDIT|PRIMARY_MEASUREMENT|SECONDARY_MEASUREMENT|BONUS|BULK_COMMISSION|COMMISSION|DEPOSIT|DETAIL_DEPOSIT">
							<DATA_FIELD>SalesTransaction.compensationDate</DATA_FIELD>
							<STANDARD_PERIOD>Years</STANDARD_PERIOD>
							<VALUE DECIMAL_VALUE="0" UNIT_TYPE="integer"/>
						</FUNCTION>
						<STANDARD_PERIOD>Quarters</STANDARD_PERIOD>
						<VALUE DECIMAL_VALUE="0" UNIT_TYPE="integer"/>
					</FUNCTION>
				</OPERATOR>
			</CONDITION_EXPRESSION>
			<EVENT_TYPE_EXPRESSION>
				<OPERATOR ID="ISEQUALTO_OPERATOR">
					<DATA_FIELD>SalesTransaction.eventType.eventTypeId</DATA_FIELD>
					<STRING_LITERAL><![CDATA[车辆销售]]></STRING_LITERAL>
				</OPERATOR>
			</EVENT_TYPE_EXPRESSION>
		</RULE>
	</RULE_SET>
</DATA_IMPORT>