<?xml version="1.0" ?>
<DATA_IMPORT LOCALE="en_GB" VERSION="46.0">
	<RULE_SET>
		<RULE BUSINESS_UNITS="Inspur" CALENDAR="Main Monthly Calendar" DESCRIPTION="Demo Inspur" ECA="true" EFFECTIVE_END_DATE="01-Jan-2200" EFFECTIVE_START_DATE="01-Jan-2021" NAME="DCR_Inspur KPI3" NOTALLOWUPDATE="false" TYPE="DIRECT_TRANSACTION_CREDIT">
			<ACTION_EXPRESSION_SET>
				<ACTION_EXPRESSION>
					<FUNCTION ID="DIRECT_TRANSACTION_CREDIT_ALLGAs" RULE_TYPES="DIRECT_TRANSACTION_CREDIT">
						<OUTPUT_REFERENCE DISPLAY_NAME_FOR_REPORTS="DC_Inspur KPI3" IS_REPORTABLE="1" NAME="DC_Inspur KPI3" PERIOD_TYPE="month" TYPE="Credit" UNIT_TYPE="CNY"/>
						<DATA_FIELD>SalesTransaction.value</DATA_FIELD>
						<HOLD_REF NAME="Release Immediately" PERIOD_TYPE="Release Immediately"/>
						<STRING_LITERAL>NULL</STRING_LITERAL>
						<CREDIT_TYPE>Inspur KPI3</CREDIT_TYPE>
						<BOOLEAN>false</BOOLEAN>
						<BOOLEAN>true</BOOLEAN>
						<DATA_FIELD>SalesTransaction.compensationDate</DATA_FIELD>
						<STRING_LITERAL>NULL</STRING_LITERAL>
						<STRING_LITERAL>NULL</STRING_LITERAL>
						<STRING_LITERAL>NULL</STRING_LITERAL>
						<STRING_LITERAL>NULL</STRING_LITERAL>
						<STRING_LITERAL>NULL</STRING_LITERAL>
						<STRING_LITERAL>NULL</STRING_LITERAL>
						<STRING_LITERAL>NULL</STRING_LITERAL>
						<STRING_LITERAL>NULL</STRING_LITERAL>
						<STRING_LITERAL>NULL</STRING_LITERAL>
						<STRING_LITERAL>NULL</STRING_LITERAL>
						<STRING_LITERAL>NULL</STRING_LITERAL>
						<STRING_LITERAL>NULL</STRING_LITERAL>
						<STRING_LITERAL>NULL</STRING_LITERAL>
						<STRING_LITERAL>NULL</STRING_LITERAL>
						<STRING_LITERAL>NULL</STRING_LITERAL>
						<STRING_LITERAL>NULL</STRING_LITERAL>
						<STRING_LITERAL>NULL</STRING_LITERAL>
						<STRING_LITERAL>NULL</STRING_LITERAL>
						<STRING_LITERAL>NULL</STRING_LITERAL>
						<STRING_LITERAL>NULL</STRING_LITERAL>
						<STRING_LITERAL>NULL</STRING_LITERAL>
						<STRING_LITERAL>NULL</STRING_LITERAL>
						<STRING_LITERAL>NULL</STRING_LITERAL>
						<STRING_LITERAL>NULL</STRING_LITERAL>
						<STRING_LITERAL>NULL</STRING_LITERAL>
						<STRING_LITERAL>NULL</STRING_LITERAL>
						<STRING_LITERAL>NULL</STRING_LITERAL>
						<STRING_LITERAL>NULL</STRING_LITERAL>
						<STRING_LITERAL>NULL</STRING_LITERAL>
						<STRING_LITERAL>NULL</STRING_LITERAL>
						<STRING_LITERAL>NULL</STRING_LITERAL>
						<STRING_LITERAL>NULL</STRING_LITERAL>
						<STRING_LITERAL>NULL</STRING_LITERAL>
						<STRING_LITERAL>NULL</STRING_LITERAL>
					</FUNCTION>
				</ACTION_EXPRESSION>
			</ACTION_EXPRESSION_SET>
			<CONDITION_EXPRESSION>
				<OPERATOR ID="AND_OPERATOR">
					<OPERATOR ID="ISEQUALTO_OPERATOR" PAREN_WRAPPED="true">
						<DATA_FIELD>SalesTransaction.transAssignmentForPosition().genericBoolean3</DATA_FIELD>
						<BOOLEAN>true</BOOLEAN>
					</OPERATOR>
					<OPERATOR ID="OR_OPERATOR" PAREN_WRAPPED="true">
						<OPERATOR ID="AND_OPERATOR" PAREN_WRAPPED="true">
							<OPERATOR ID="ISEQUALTO_OPERATOR" PAREN_WRAPPED="true">
								<DATA_FIELD>SalesTransaction.genericAttribute29</DATA_FIELD>
								<STRING_LITERAL><![CDATA[指名]]></STRING_LITERAL>
							</OPERATOR>
							<OPERATOR ID="ISEQUALTO_OPERATOR" PAREN_WRAPPED="true">
								<DATA_FIELD>SalesTransaction.genericAttribute30</DATA_FIELD>
								<STRING_LITERAL><![CDATA[特单]]></STRING_LITERAL>
							</OPERATOR>
						</OPERATOR>
						<OPERATOR ID="AND_OPERATOR" PAREN_WRAPPED="true">
							<OPERATOR ID="ISEQUALTO_OPERATOR" PAREN_WRAPPED="true">
								<DATA_FIELD>SalesTransaction.genericAttribute29</DATA_FIELD>
								<STRING_LITERAL><![CDATA[非指名]]></STRING_LITERAL>
							</OPERATOR>
							<OPERATOR ID="ISEQUALTO_OPERATOR" PAREN_WRAPPED="true">
								<DATA_FIELD>SalesTransaction.genericAttribute30</DATA_FIELD>
								<STRING_LITERAL><![CDATA[特单]]></STRING_LITERAL>
							</OPERATOR>
						</OPERATOR>
						<OPERATOR ID="AND_OPERATOR" PAREN_WRAPPED="true">
							<OPERATOR ID="ISEQUALTO_OPERATOR" PAREN_WRAPPED="true">
								<DATA_FIELD>SalesTransaction.genericAttribute29</DATA_FIELD>
								<STRING_LITERAL><![CDATA[非指名]]></STRING_LITERAL>
							</OPERATOR>
							<OPERATOR ID="ISEQUALTO_OPERATOR" PAREN_WRAPPED="true">
								<DATA_FIELD>SalesTransaction.genericAttribute30</DATA_FIELD>
								<STRING_LITERAL><![CDATA[备货]]></STRING_LITERAL>
							</OPERATOR>
						</OPERATOR>
					</OPERATOR>
				</OPERATOR>
			</CONDITION_EXPRESSION>
			<EVENT_TYPE_EXPRESSION>
				<OPERATOR ID="OR_OPERATOR">
					<OPERATOR ID="ISEQUALTO_OPERATOR">
						<DATA_FIELD>SalesTransaction.eventType.eventTypeId</DATA_FIELD>
						<STRING_LITERAL><![CDATA[Recruitment Fees - Perm]]></STRING_LITERAL>
					</OPERATOR>
					<OPERATOR ID="ISEQUALTO_OPERATOR">
						<DATA_FIELD>SalesTransaction.eventType.eventTypeId</DATA_FIELD>
						<STRING_LITERAL><![CDATA[Recruitment Fees - Temp]]></STRING_LITERAL>
					</OPERATOR>
					<OPERATOR ID="ISEQUALTO_OPERATOR">
						<DATA_FIELD>SalesTransaction.eventType.eventTypeId</DATA_FIELD>
						<STRING_LITERAL><![CDATA[Order Data]]></STRING_LITERAL>
					</OPERATOR>
				</OPERATOR>
			</EVENT_TYPE_EXPRESSION>
		</RULE>
	</RULE_SET>
</DATA_IMPORT>