<?xml version="1.0" ?>
<DATA_IMPORT LOCALE="en_GB" VERSION="46.0">
	<RULE_SET>
		<RULE BUSINESS_UNITS="BU_DF" CALENDAR="Main Monthly Calendar" ECA="true" EFFECTIVE_END_DATE="01-Jan-2200" EFFECTIVE_START_DATE="01-Jan-2006" NAME="CR_DF_PAYMENT" NOTALLOWUPDATE="false" TYPE="DIRECT_TRANSACTION_CREDIT">
			<ACTION_EXPRESSION_SET>
				<ACTION_EXPRESSION>
					<FUNCTION ID="DIRECT_TRANSACTION_CREDIT_ALLGAs" RULE_TYPES="DIRECT_TRANSACTION_CREDIT">
						<OUTPUT_REFERENCE DISPLAY_NAME_FOR_REPORTS="CR_DF_PAYMENT" IS_REPORTABLE="1" NAME="CR_DF_PAYMENT" PERIOD_TYPE="month" TYPE="Credit" UNIT_TYPE="CNY"/>
						<OPERATOR ID="MULTIPLY_OPERATOR">
							<FUNCTION ID="MDLT_FUNCTION" RULE_TYPES="DIRECT_TRANSACTION_CREDIT|ROLLUP_TRANSACTION_CREDIT|DIRECT_ORDER_CREDIT|ROLLUP_ORDER_CREDIT|PRIMARY_MEASUREMENT|SECONDARY_MEASUREMENT|BONUS|BULK_COMMISSION|COMMISSION|DEPOSIT|DETAIL_DEPOSIT">
								<MDLT_REF NAME="LT_DF_COMMISSION" UNIT_TYPE="CNY"/>
								<DATA_FIELD>SalesTransaction.compensationDate</DATA_FIELD>
								<DATA_FIELD>SalesTransaction.genericAttribute1</DATA_FIELD>
								<DATA_FIELD>SalesTransaction.genericAttribute2</DATA_FIELD>
								<DATA_FIELD>SalesTransaction.productDescription</DATA_FIELD>
								<DATA_FIELD>SalesTransaction.productName</DATA_FIELD>
								<DATA_FIELD>SalesTransaction.genericAttribute4</DATA_FIELD>
							</FUNCTION>
							<DATA_FIELD>SalesTransaction.value</DATA_FIELD>
						</OPERATOR>
						<HOLD_REF NAME="Release Immediately" PERIOD_TYPE="Release Immediately"/>
						<STRING_LITERAL>NULL</STRING_LITERAL>
						<CREDIT_TYPE>CT_DF_PAYMENT</CREDIT_TYPE>
						<BOOLEAN>false</BOOLEAN>
						<BOOLEAN>false</BOOLEAN>
						<STRING_LITERAL>NULL</STRING_LITERAL>
						<STRING_LITERAL>NULL</STRING_LITERAL>
						<STRING_LITERAL>NULL</STRING_LITERAL>
						<STRING_LITERAL>NULL</STRING_LITERAL>
						<STRING_LITERAL>NULL</STRING_LITERAL>
						<STRING_LITERAL>NULL</STRING_LITERAL>
						<STRING_LITERAL>NULL</STRING_LITERAL>
						<STRING_LITERAL>NULL</STRING_LITERAL>
						<STRING_LITERAL>NULL</STRING_LITERAL>
						<STRING_LITERAL>NULL</STRING_LITERAL>
						<STRING_LITERAL>NULL</STRING_LITERAL>
						<STRING_LITERAL>NULL</STRING_LITERAL>
						<STRING_LITERAL>NULL</STRING_LITERAL>
						<STRING_LITERAL>NULL</STRING_LITERAL>
						<STRING_LITERAL>NULL</STRING_LITERAL>
						<STRING_LITERAL>NULL</STRING_LITERAL>
						<STRING_LITERAL>NULL</STRING_LITERAL>
						<STRING_LITERAL>NULL</STRING_LITERAL>
						<STRING_LITERAL>NULL</STRING_LITERAL>
						<STRING_LITERAL>NULL</STRING_LITERAL>
						<STRING_LITERAL>NULL</STRING_LITERAL>
						<STRING_LITERAL>NULL</STRING_LITERAL>
						<STRING_LITERAL>NULL</STRING_LITERAL>
						<STRING_LITERAL>NULL</STRING_LITERAL>
						<STRING_LITERAL>NULL</STRING_LITERAL>
						<STRING_LITERAL>NULL</STRING_LITERAL>
						<STRING_LITERAL>NULL</STRING_LITERAL>
						<STRING_LITERAL>NULL</STRING_LITERAL>
						<STRING_LITERAL>NULL</STRING_LITERAL>
						<STRING_LITERAL>NULL</STRING_LITERAL>
						<STRING_LITERAL>NULL</STRING_LITERAL>
						<STRING_LITERAL>NULL</STRING_LITERAL>
						<STRING_LITERAL>NULL</STRING_LITERAL>
						<STRING_LITERAL>NULL</STRING_LITERAL>
						<STRING_LITERAL>NULL</STRING_LITERAL>
					</FUNCTION>
				</ACTION_EXPRESSION>
			</ACTION_EXPRESSION_SET>
			<EVENT_TYPE_EXPRESSION>
				<OPERATOR ID="ISEQUALTO_OPERATOR">
					<DATA_FIELD>SalesTransaction.eventType.eventTypeId</DATA_FIELD>
					<STRING_LITERAL><![CDATA[ET_DF_Payment]]></STRING_LITERAL>
				</OPERATOR>
			</EVENT_TYPE_EXPRESSION>
		</RULE>
	</RULE_SET>
</DATA_IMPORT>