<?xml version="1.0" ?>
<DATA_IMPORT LOCALE="en_GB" VERSION="46.0">
	<RULE_SET>
		<RULE BUSINESS_UNITS="Telford" CALENDAR="Main Monthly Calendar" ECA="true" EFFECTIVE_END_DATE="01-Jan-2200" EFFECTIVE_START_DATE="01-Jan-2021" NAME="DCR_Telford_Sales Rep Sales Credit" NOTALLOWUPDATE="false" TYPE="DIRECT_TRANSACTION_CREDIT">
			<ACTION_EXPRESSION_SET>
				<ACTION_EXPRESSION>
					<FUNCTION ID="DIRECT_TRANSACTION_CREDIT_ALLGAs" RULE_TYPES="DIRECT_TRANSACTION_CREDIT">
						<OUTPUT_REFERENCE DISPLAY_NAME_FOR_REPORTS="My Sales Credits" IS_REPORTABLE="1" NAME="DCR_Telford_Sales Rep Sales Credit" PERIOD_TYPE="month" TYPE="Credit" UNIT_TYPE="CNY"/>
						<DATA_FIELD>SalesTransaction.value</DATA_FIELD>
						<HOLD_REF NAME="Release Immediately" PERIOD_TYPE="Release Immediately"/>
						<STRING_LITERAL>NULL</STRING_LITERAL>
						<CREDIT_TYPE>revenue</CREDIT_TYPE>
						<BOOLEAN>false</BOOLEAN>
						<BOOLEAN>false</BOOLEAN>
						<STRING_LITERAL>NULL</STRING_LITERAL>
						<DATA_FIELD>SalesTransaction.productId</DATA_FIELD>
						<DATA_FIELD>SalesTransaction.productDescription</DATA_FIELD>
						<DATA_FIELD>SalesTransaction.genericAttribute1</DATA_FIELD>
						<DATA_FIELD>SalesTransaction.genericAttribute2</DATA_FIELD>
						<STRING_LITERAL>NULL</STRING_LITERAL>
						<STRING_LITERAL>NULL</STRING_LITERAL>
						<STRING_LITERAL>NULL</STRING_LITERAL>
						<STRING_LITERAL>NULL</STRING_LITERAL>
						<STRING_LITERAL>NULL</STRING_LITERAL>
						<STRING_LITERAL>NULL</STRING_LITERAL>
						<STRING_LITERAL>NULL</STRING_LITERAL>
						<STRING_LITERAL>NULL</STRING_LITERAL>
						<STRING_LITERAL>NULL</STRING_LITERAL>
						<STRING_LITERAL>NULL</STRING_LITERAL>
						<STRING_LITERAL>NULL</STRING_LITERAL>
						<STRING_LITERAL>NULL</STRING_LITERAL>
						<STRING_LITERAL>NULL</STRING_LITERAL>
						<STRING_LITERAL>NULL</STRING_LITERAL>
						<STRING_LITERAL>NULL</STRING_LITERAL>
						<STRING_LITERAL>NULL</STRING_LITERAL>
						<STRING_LITERAL>NULL</STRING_LITERAL>
						<STRING_LITERAL>NULL</STRING_LITERAL>
						<STRING_LITERAL>NULL</STRING_LITERAL>
						<STRING_LITERAL>NULL</STRING_LITERAL>
						<STRING_LITERAL>NULL</STRING_LITERAL>
						<STRING_LITERAL>NULL</STRING_LITERAL>
						<STRING_LITERAL>NULL</STRING_LITERAL>
						<STRING_LITERAL>NULL</STRING_LITERAL>
						<STRING_LITERAL>NULL</STRING_LITERAL>
						<STRING_LITERAL>NULL</STRING_LITERAL>
						<STRING_LITERAL>NULL</STRING_LITERAL>
						<STRING_LITERAL>NULL</STRING_LITERAL>
						<STRING_LITERAL>NULL</STRING_LITERAL>
						<STRING_LITERAL>NULL</STRING_LITERAL>
					</FUNCTION>
				</ACTION_EXPRESSION>
			</ACTION_EXPRESSION_SET>
			<EVENT_TYPE_EXPRESSION>
				<OPERATOR ID="ISEQUALTO_OPERATOR">
					<DATA_FIELD>SalesTransaction.eventType.eventTypeId</DATA_FIELD>
					<STRING_LITERAL><![CDATA[SALES]]></STRING_LITERAL>
				</OPERATOR>
			</EVENT_TYPE_EXPRESSION>
		</RULE>
	</RULE_SET>
</DATA_IMPORT>