<?xml version="1.0" ?>
<DATA_IMPORT LOCALE="en_GB" VERSION="46.0">
	<RULE_SET>
		<RULE BUSINESS_UNITS="广汇宝马" CALENDAR="Main Monthly Calendar" ECA="true" EFFECTIVE_END_DATE="01-Jan-2200" EFFECTIVE_START_DATE="01-Jan-2018" NAME="KPI达成率" NOTALLOWUPDATE="false" TYPE="DIRECT_TRANSACTION_CREDIT">
			<ACTION_EXPRESSION_SET>
				<ACTION_EXPRESSION>
					<FUNCTION ID="DIRECT_TRANSACTION_CREDIT_ALLGAs" RULE_TYPES="DIRECT_TRANSACTION_CREDIT">
						<OUTPUT_REFERENCE DISPLAY_NAME_FOR_REPORTS="KPI达成率" IS_REPORTABLE="1" NAME="KPI达成率" PERIOD_TYPE="month" TYPE="Credit" UNIT_TYPE="CNY"/>
						<OPERATOR ID="MULTIPLY_OPERATOR">
							<DATA_FIELD>SalesTransaction.value</DATA_FIELD>
							<FUNCTION ID="MDLT_FUNCTION" RULE_TYPES="DIRECT_TRANSACTION_CREDIT|ROLLUP_TRANSACTION_CREDIT|DIRECT_ORDER_CREDIT|ROLLUP_ORDER_CREDIT|PRIMARY_MEASUREMENT|SECONDARY_MEASUREMENT|BONUS|BULK_COMMISSION|COMMISSION|DEPOSIT|DETAIL_DEPOSIT">
								<MDLT_REF NAME="广汇宝马KPI权重" UNIT_TYPE="percent"/>
								<DATA_FIELD>Period.endDate</DATA_FIELD>
								<DATA_FIELD>SalesTransaction.genericAttribute1</DATA_FIELD>
							</FUNCTION>
						</OPERATOR>
						<HOLD_REF NAME="Release Immediately" PERIOD_TYPE="Release Immediately"/>
						<STRING_LITERAL>NULL</STRING_LITERAL>
						<CREDIT_TYPE>广汇-KPI</CREDIT_TYPE>
						<BOOLEAN>false</BOOLEAN>
						<BOOLEAN>false</BOOLEAN>
						<STRING_LITERAL>NULL</STRING_LITERAL>
						<STRING_LITERAL>NULL</STRING_LITERAL>
						<STRING_LITERAL>NULL</STRING_LITERAL>
						<STRING_LITERAL>NULL</STRING_LITERAL>
						<STRING_LITERAL>NULL</STRING_LITERAL>
						<STRING_LITERAL>NULL</STRING_LITERAL>
						<STRING_LITERAL>NULL</STRING_LITERAL>
						<STRING_LITERAL>NULL</STRING_LITERAL>
						<STRING_LITERAL>NULL</STRING_LITERAL>
						<STRING_LITERAL>NULL</STRING_LITERAL>
						<STRING_LITERAL>NULL</STRING_LITERAL>
						<STRING_LITERAL>NULL</STRING_LITERAL>
						<STRING_LITERAL>NULL</STRING_LITERAL>
						<STRING_LITERAL>NULL</STRING_LITERAL>
						<STRING_LITERAL>NULL</STRING_LITERAL>
						<STRING_LITERAL>NULL</STRING_LITERAL>
						<STRING_LITERAL>NULL</STRING_LITERAL>
						<STRING_LITERAL>NULL</STRING_LITERAL>
						<STRING_LITERAL>NULL</STRING_LITERAL>
						<STRING_LITERAL>NULL</STRING_LITERAL>
						<STRING_LITERAL>NULL</STRING_LITERAL>
						<STRING_LITERAL>NULL</STRING_LITERAL>
						<STRING_LITERAL>NULL</STRING_LITERAL>
						<STRING_LITERAL>NULL</STRING_LITERAL>
						<STRING_LITERAL>NULL</STRING_LITERAL>
						<STRING_LITERAL>NULL</STRING_LITERAL>
						<STRING_LITERAL>NULL</STRING_LITERAL>
						<STRING_LITERAL>NULL</STRING_LITERAL>
						<STRING_LITERAL>NULL</STRING_LITERAL>
						<STRING_LITERAL>NULL</STRING_LITERAL>
						<STRING_LITERAL>NULL</STRING_LITERAL>
						<STRING_LITERAL>NULL</STRING_LITERAL>
						<STRING_LITERAL>NULL</STRING_LITERAL>
						<STRING_LITERAL>NULL</STRING_LITERAL>
						<STRING_LITERAL>NULL</STRING_LITERAL>
					</FUNCTION>
				</ACTION_EXPRESSION>
			</ACTION_EXPRESSION_SET>
			<EVENT_TYPE_EXPRESSION>
				<OPERATOR ID="ISEQUALTO_OPERATOR">
					<DATA_FIELD>SalesTransaction.eventType.eventTypeId</DATA_FIELD>
					<STRING_LITERAL><![CDATA[MBO]]></STRING_LITERAL>
				</OPERATOR>
			</EVENT_TYPE_EXPRESSION>
		</RULE>
	</RULE_SET>
</DATA_IMPORT>