<?xml version="1.0" ?>
<DATA_IMPORT LOCALE="en_GB" VERSION="46.0">
	<RULE_SET>
		<RULE BUSINESS_UNITS="Integrity Life" CALENDAR="Main Monthly Calendar" DESCRIPTION="Calculates Basic Commissions and Clawbacks based on incoming Premium Payments and Reversals" ECA="true" EFFECTIVE_END_DATE="01-Jan-2200" EFFECTIVE_START_DATE="01-Jan-2021" NAME="CRD_IL_Basic Commission - Upfront and Trailing" NOTALLOWUPDATE="false" TYPE="DIRECT_TRANSACTION_CREDIT">
			<ACTION_EXPRESSION_SET>
				<ACTION_EXPRESSION>
					<FUNCTION ID="DIRECT_TRANSACTION_CREDIT_ALLGAs" RULE_TYPES="DIRECT_TRANSACTION_CREDIT">
						<OUTPUT_REFERENCE DISPLAY_NAME_FOR_REPORTS="CRD_Basic Commission - Upfront and Trailing" IS_REPORTABLE="1" NAME="CRD_IL_Basic Commission" PERIOD_TYPE="month" TYPE="Credit" UNIT_TYPE="CNY"/>
						<OPERATOR ID="MULTIPLY_OPERATOR">
							<OPERATOR ID="MULTIPLY_OPERATOR">
								<DATA_FIELD>SalesTransaction.value</DATA_FIELD>
								<FUNCTION ID="MDLT_FUNCTION" RULE_TYPES="DIRECT_TRANSACTION_CREDIT|ROLLUP_TRANSACTION_CREDIT|DIRECT_ORDER_CREDIT|ROLLUP_ORDER_CREDIT|PRIMARY_MEASUREMENT|SECONDARY_MEASUREMENT|BONUS|BULK_COMMISSION|COMMISSION|DEPOSIT|DETAIL_DEPOSIT">
									<MDLT_REF NAME="LT_IL_Agency_Basic_Commission_Rate" UNIT_TYPE="percent"/>
									<DATA_FIELD>SalesTransaction.accountingDate</DATA_FIELD>
									<RULE_ELEMENT_REF ID="STRING_FORMULA_REF" NAME="F_IL_ProductGroup"/>
									<DATA_FIELD>Position.title.name</DATA_FIELD>
									<DATA_FIELD>SalesTransaction.genericNumber1</DATA_FIELD>
									<DATA_FIELD>SalesTransaction.genericNumber2</DATA_FIELD>
									<STRING_LITERAL><![CDATA[N.A.]]></STRING_LITERAL>
									<VALUE DECIMAL_VALUE="0" UNIT_TYPE="integer"/>
									<STRING_LITERAL><![CDATA[DEFAULT]]></STRING_LITERAL>
								</FUNCTION>
							</OPERATOR>
							<DATA_FIELD>SalesTransaction.transAssignmentForPosition().genericNumber1</DATA_FIELD>
						</OPERATOR>
						<HOLD_REF NAME="Release Immediately" PERIOD_TYPE="Release Immediately"/>
						<STRING_LITERAL>NULL</STRING_LITERAL>
						<CREDIT_TYPE>Basic Commission</CREDIT_TYPE>
						<BOOLEAN>false</BOOLEAN>
						<BOOLEAN>false</BOOLEAN>
						<STRING_LITERAL>NULL</STRING_LITERAL>
						<RULE_ELEMENT_REF ID="STRING_FORMULA_REF" NAME="F_IL_ProductGroup"/>
						<STRING_LITERAL>NULL</STRING_LITERAL>
						<STRING_LITERAL>NULL</STRING_LITERAL>
						<STRING_LITERAL>NULL</STRING_LITERAL>
						<FUNCTION ID="ifThenElse" RULE_TYPES="DIRECT_TRANSACTION_CREDIT|ROLLUP_TRANSACTION_CREDIT|DIRECT_ORDER_CREDIT|ROLLUP_ORDER_CREDIT|PRIMARY_MEASUREMENT|SECONDARY_MEASUREMENT|BONUS|BULK_COMMISSION|COMMISSION|DEPOSIT|DETAIL_DEPOSIT">
							<OPERATOR ID="ISEQUALTO_OPERATOR">
								<DATA_FIELD>SalesTransaction.accountingDate</DATA_FIELD>
								<DATA_FIELD>SalesTransaction.compensationDate</DATA_FIELD>
							</OPERATOR>
							<STRING_LITERAL><![CDATA[Upfront]]></STRING_LITERAL>
							<STRING_LITERAL><![CDATA[Trailing]]></STRING_LITERAL>
						</FUNCTION>
						<DATA_FIELD>SalesTransaction.productId</DATA_FIELD>
						<DATA_FIELD>SalesTransaction.productName</DATA_FIELD>
						<STRING_LITERAL>NULL</STRING_LITERAL>
						<STRING_LITERAL>NULL</STRING_LITERAL>
						<STRING_LITERAL>NULL</STRING_LITERAL>
						<STRING_LITERAL>NULL</STRING_LITERAL>
						<STRING_LITERAL>NULL</STRING_LITERAL>
						<STRING_LITERAL>NULL</STRING_LITERAL>
						<STRING_LITERAL>NULL</STRING_LITERAL>
						<STRING_LITERAL>NULL</STRING_LITERAL>
						<STRING_LITERAL>NULL</STRING_LITERAL>
						<DATA_FIELD>SalesTransaction.value</DATA_FIELD>
						<FUNCTION ID="MDLT_FUNCTION" RULE_TYPES="DIRECT_TRANSACTION_CREDIT|ROLLUP_TRANSACTION_CREDIT|DIRECT_ORDER_CREDIT|ROLLUP_ORDER_CREDIT|PRIMARY_MEASUREMENT|SECONDARY_MEASUREMENT|BONUS|BULK_COMMISSION|COMMISSION|DEPOSIT|DETAIL_DEPOSIT">
							<MDLT_REF NAME="LT_IL_Agency_Basic_Commission_Rate" UNIT_TYPE="percent"/>
							<DATA_FIELD>SalesTransaction.accountingDate</DATA_FIELD>
							<RULE_ELEMENT_REF ID="STRING_FORMULA_REF" NAME="F_IL_ProductGroup"/>
							<DATA_FIELD>Position.title.name</DATA_FIELD>
							<DATA_FIELD>SalesTransaction.genericNumber1</DATA_FIELD>
							<DATA_FIELD>SalesTransaction.genericNumber2</DATA_FIELD>
							<STRING_LITERAL><![CDATA[N.A.]]></STRING_LITERAL>
							<VALUE DECIMAL_VALUE="0" UNIT_TYPE="integer"/>
							<STRING_LITERAL><![CDATA[DEFAULT]]></STRING_LITERAL>
						</FUNCTION>
						<DATA_FIELD>SalesTransaction.genericNumber1</DATA_FIELD>
						<DATA_FIELD>SalesTransaction.genericNumber2</DATA_FIELD>
						<STRING_LITERAL>NULL</STRING_LITERAL>
						<STRING_LITERAL>NULL</STRING_LITERAL>
						<STRING_LITERAL>NULL</STRING_LITERAL>
						<STRING_LITERAL>NULL</STRING_LITERAL>
						<STRING_LITERAL>NULL</STRING_LITERAL>
						<STRING_LITERAL>NULL</STRING_LITERAL>
						<STRING_LITERAL>NULL</STRING_LITERAL>
						<STRING_LITERAL>NULL</STRING_LITERAL>
						<STRING_LITERAL>NULL</STRING_LITERAL>
						<STRING_LITERAL>NULL</STRING_LITERAL>
						<STRING_LITERAL>NULL</STRING_LITERAL>
						<STRING_LITERAL>NULL</STRING_LITERAL>
						<STRING_LITERAL>NULL</STRING_LITERAL>
						<STRING_LITERAL>NULL</STRING_LITERAL>
					</FUNCTION>
				</ACTION_EXPRESSION>
			</ACTION_EXPRESSION_SET>
			<EVENT_TYPE_EXPRESSION>
				<OPERATOR ID="OR_OPERATOR">
					<OPERATOR ID="ISEQUALTO_OPERATOR">
						<DATA_FIELD>SalesTransaction.eventType.eventTypeId</DATA_FIELD>
						<STRING_LITERAL><![CDATA[Premium Payment]]></STRING_LITERAL>
					</OPERATOR>
					<OPERATOR ID="ISEQUALTO_OPERATOR">
						<DATA_FIELD>SalesTransaction.eventType.eventTypeId</DATA_FIELD>
						<STRING_LITERAL><![CDATA[Premium Reversal]]></STRING_LITERAL>
					</OPERATOR>
				</OPERATOR>
			</EVENT_TYPE_EXPRESSION>
		</RULE>
	</RULE_SET>
</DATA_IMPORT>