<?xml version="1.0" ?>
<DATA_IMPORT LOCALE="en_GB" VERSION="46.0">
	<RULE_SET>
		<RULE BUSINESS_UNITS="Demo_A" CALENDAR="Main Monthly Calendar" ECA="true" EFFECTIVE_END_DATE="01-Jan-2200" EFFECTIVE_START_DATE="01-Jan-2020" NAME="CRD_Banca Basic Commission" NOTALLOWUPDATE="false" TYPE="DIRECT_TRANSACTION_CREDIT">
			<ACTION_EXPRESSION_SET>
				<ACTION_EXPRESSION>
					<FUNCTION ID="DIRECT_TRANSACTION_CREDIT_ALLGAs" RULE_TYPES="DIRECT_TRANSACTION_CREDIT">
						<OUTPUT_REFERENCE DISPLAY_NAME_FOR_REPORTS="CRD_Banca Basic Commission" IS_REPORTABLE="1" NAME="CRD_Banca Basic Commission" PERIOD_TYPE="month" TYPE="Credit" UNIT_TYPE="CNY"/>
						<OPERATOR ID="MULTIPLY_OPERATOR">
							<DATA_FIELD>SalesTransaction.value</DATA_FIELD>
							<FUNCTION ID="MDLT_FUNCTION" RULE_TYPES="DIRECT_TRANSACTION_CREDIT|ROLLUP_TRANSACTION_CREDIT|DIRECT_ORDER_CREDIT|ROLLUP_ORDER_CREDIT|PRIMARY_MEASUREMENT|SECONDARY_MEASUREMENT|BONUS|BULK_COMMISSION|COMMISSION|DEPOSIT|DETAIL_DEPOSIT">
								<MDLT_REF NAME="LT_BV_Banca_Basic_Commission_Rate" UNIT_TYPE="percent"/>
								<DATA_FIELD>SalesTransaction.compensationDate</DATA_FIELD>
								<FUNCTION ID="MDLT_FUNCTION" RULE_TYPES="DIRECT_TRANSACTION_CREDIT|ROLLUP_TRANSACTION_CREDIT|DIRECT_ORDER_CREDIT|ROLLUP_ORDER_CREDIT|PRIMARY_MEASUREMENT|SECONDARY_MEASUREMENT|BONUS|BULK_COMMISSION|COMMISSION|DEPOSIT|DETAIL_DEPOSIT">
									<MDLT_REF NAME="LT_BV_Product_Group_Map" RETURN_TYPE="String"/>
									<DATA_FIELD>SalesTransaction.compensationDate</DATA_FIELD>
									<DATA_FIELD>SalesTransaction.genericAttribute21</DATA_FIELD>
									<DATA_FIELD>Position.genericAttribute1</DATA_FIELD>
									<DATA_FIELD>SalesTransaction.productId</DATA_FIELD>
									<DATA_FIELD>SalesTransaction.productName</DATA_FIELD>
								</FUNCTION>
								<DATA_FIELD>Position.title.name</DATA_FIELD>
								<DATA_FIELD>SalesTransaction.genericNumber1</DATA_FIELD>
								<DATA_FIELD>SalesTransaction.genericNumber2</DATA_FIELD>
								<DATA_FIELD>Position.genericAttribute1</DATA_FIELD>
								<VALUE DECIMAL_VALUE="0" UNIT_TYPE="integer"/>
								<STRING_LITERAL><![CDATA[DEFAULT]]></STRING_LITERAL>
							</FUNCTION>
						</OPERATOR>
						<HOLD_REF NAME="Release Immediately" PERIOD_TYPE="Release Immediately"/>
						<STRING_LITERAL>NULL</STRING_LITERAL>
						<CREDIT_TYPE>Basic Commission</CREDIT_TYPE>
						<BOOLEAN>false</BOOLEAN>
						<BOOLEAN>true</BOOLEAN>
						<DATA_FIELD>SalesTransaction.accountingDate</DATA_FIELD>
						<STRING_LITERAL>NULL</STRING_LITERAL>
						<STRING_LITERAL>NULL</STRING_LITERAL>
						<STRING_LITERAL>NULL</STRING_LITERAL>
						<STRING_LITERAL>NULL</STRING_LITERAL>
						<STRING_LITERAL>NULL</STRING_LITERAL>
						<DATA_FIELD>SalesTransaction.productId</DATA_FIELD>
						<DATA_FIELD>SalesTransaction.productName</DATA_FIELD>
						<DATA_FIELD>SalesTransaction.genericAttribute21</DATA_FIELD>
						<FUNCTION ID="MDLT_FUNCTION" RULE_TYPES="DIRECT_TRANSACTION_CREDIT|ROLLUP_TRANSACTION_CREDIT|DIRECT_ORDER_CREDIT|ROLLUP_ORDER_CREDIT|PRIMARY_MEASUREMENT|SECONDARY_MEASUREMENT|BONUS|BULK_COMMISSION|COMMISSION|DEPOSIT|DETAIL_DEPOSIT">
							<MDLT_REF NAME="LT_BV_Product_Group_Map" RETURN_TYPE="String"/>
							<DATA_FIELD>SalesTransaction.compensationDate</DATA_FIELD>
							<DATA_FIELD>SalesTransaction.genericAttribute21</DATA_FIELD>
							<DATA_FIELD>Position.genericAttribute1</DATA_FIELD>
							<DATA_FIELD>SalesTransaction.productId</DATA_FIELD>
							<DATA_FIELD>SalesTransaction.productName</DATA_FIELD>
						</FUNCTION>
						<STRING_LITERAL>NULL</STRING_LITERAL>
						<STRING_LITERAL>NULL</STRING_LITERAL>
						<STRING_LITERAL>NULL</STRING_LITERAL>
						<STRING_LITERAL>NULL</STRING_LITERAL>
						<STRING_LITERAL>NULL</STRING_LITERAL>
						<STRING_LITERAL>NULL</STRING_LITERAL>
						<STRING_LITERAL>NULL</STRING_LITERAL>
						<DATA_FIELD>SalesTransaction.value</DATA_FIELD>
						<FUNCTION ID="MDLT_FUNCTION" RULE_TYPES="DIRECT_TRANSACTION_CREDIT|ROLLUP_TRANSACTION_CREDIT|DIRECT_ORDER_CREDIT|ROLLUP_ORDER_CREDIT|PRIMARY_MEASUREMENT|SECONDARY_MEASUREMENT|BONUS|BULK_COMMISSION|COMMISSION|DEPOSIT|DETAIL_DEPOSIT">
							<MDLT_REF NAME="LT_BV_Banca_Basic_Commission_Rate" UNIT_TYPE="percent"/>
							<DATA_FIELD>SalesTransaction.compensationDate</DATA_FIELD>
							<FUNCTION ID="MDLT_FUNCTION" RULE_TYPES="DIRECT_TRANSACTION_CREDIT|ROLLUP_TRANSACTION_CREDIT|DIRECT_ORDER_CREDIT|ROLLUP_ORDER_CREDIT|PRIMARY_MEASUREMENT|SECONDARY_MEASUREMENT|BONUS|BULK_COMMISSION|COMMISSION|DEPOSIT|DETAIL_DEPOSIT">
								<MDLT_REF NAME="LT_BV_Product_Group_Map" RETURN_TYPE="String"/>
								<DATA_FIELD>SalesTransaction.compensationDate</DATA_FIELD>
								<DATA_FIELD>SalesTransaction.genericAttribute21</DATA_FIELD>
								<DATA_FIELD>Position.genericAttribute1</DATA_FIELD>
								<DATA_FIELD>SalesTransaction.productId</DATA_FIELD>
								<DATA_FIELD>SalesTransaction.productName</DATA_FIELD>
							</FUNCTION>
							<DATA_FIELD>Position.title.name</DATA_FIELD>
							<DATA_FIELD>SalesTransaction.genericNumber1</DATA_FIELD>
							<DATA_FIELD>SalesTransaction.genericNumber2</DATA_FIELD>
							<DATA_FIELD>Position.genericAttribute1</DATA_FIELD>
							<VALUE DECIMAL_VALUE="0" UNIT_TYPE="integer"/>
							<STRING_LITERAL><![CDATA[DEFAULT]]></STRING_LITERAL>
						</FUNCTION>
						<DATA_FIELD>SalesTransaction.genericNumber1</DATA_FIELD>
						<DATA_FIELD>SalesTransaction.genericNumber2</DATA_FIELD>
						<STRING_LITERAL>NULL</STRING_LITERAL>
						<STRING_LITERAL>NULL</STRING_LITERAL>
						<STRING_LITERAL>NULL</STRING_LITERAL>
						<STRING_LITERAL>NULL</STRING_LITERAL>
						<STRING_LITERAL>NULL</STRING_LITERAL>
						<STRING_LITERAL>NULL</STRING_LITERAL>
						<STRING_LITERAL>NULL</STRING_LITERAL>
						<STRING_LITERAL>NULL</STRING_LITERAL>
						<STRING_LITERAL>NULL</STRING_LITERAL>
						<STRING_LITERAL>NULL</STRING_LITERAL>
						<STRING_LITERAL>NULL</STRING_LITERAL>
						<STRING_LITERAL>NULL</STRING_LITERAL>
						<STRING_LITERAL>NULL</STRING_LITERAL>
						<STRING_LITERAL>NULL</STRING_LITERAL>
					</FUNCTION>
				</ACTION_EXPRESSION>
			</ACTION_EXPRESSION_SET>
			<EVENT_TYPE_EXPRESSION>
				<OPERATOR ID="ISEQUALTO_OPERATOR">
					<DATA_FIELD>SalesTransaction.eventType.eventTypeId</DATA_FIELD>
					<STRING_LITERAL><![CDATA[Premium Payment]]></STRING_LITERAL>
				</OPERATOR>
			</EVENT_TYPE_EXPRESSION>
		</RULE>
	</RULE_SET>
</DATA_IMPORT>